﻿Time,Behavior
05:05.5,attack female
05:09.2,chase female
05:15.3,attack male
05:24.5,dig
05:26.6,dig
05:28.3,attack female
05:29.4,attack female
05:31.4,attack female
05:32.1,attack female
05:51.1,attack female
06:07.0,attack female
06:09.8,chase male
06:11.5,attack female
06:22.2,dig
06:25.4,dig
06:27.5,attack female
06:32.0,attack female
06:34.6,pot entry
06:38.3,pot exit
06:38.9,quiver at female
06:39.8,pot entry
06:40.2,pot exit
06:40.3,attack female
06:42.0,attack female
06:44.2,attack female
06:47.8,attack female
07:01.1,attack male
07:02.2,attack male
07:07.1,dig
07:19.2,attack male
07:26.4,chase female
07:29.1,chase female
07:37.8,chase female
07:46.6,pot entry
07:56.7,pot exit
08:13.4,attack female
08:16.1,attack female
08:21.0,attack male
08:23.5,chase female
08:30.7,attack female
08:37.3,chase male
08:39.2,lead swim
08:42.0,chase female
08:45.0,chase female
08:51.1,attack female
08:58.9,attack female
09:02.8,attack female
09:07.2,pot entry
09:09.9,dig
09:10.7,pot exit
09:15.0,chase female
09:22.0,attack female
09:27.4,attack female
09:35.8,pot entry
09:41.8,pot exit
09:42.4,dig
09:45.2,chase female
09:47.3,attack female
09:51.2,attack male
09:58.1,dig
09:59.7,pot entry
10:09.8,pot exit
10:31.1,attack male
10:31.9,attack male
10:38.5,attack female
10:39.0,attack female
10:42.2,dig
10:48.2,dig
11:13.0,attack female
11:22.8,chase male
11:24.8,attack male
11:27.9,attack male
11:35.1,chase female
11:39.6,pot entry
11:42.9,pot exit
11:46.3,chase male
11:50.0,chase male
11:57.0,attack male
11:58.9,chase female
12:10.2,attack female
12:17.5,attack female
12:27.3,attack female
12:28.5,attack male
12:33.9,attack female
12:35.6,attack female
12:42.2,chase female
12:52.2,dig
12:56.1,dig
13:09.2,dig
13:35.7,attack female
13:38.8,chase male
13:52.7,attack male
14:26.1,chase female
14:52.9,pot entry
14:56.0,dig
14:56.6,chase male
15:09.4,dig
15:11.4,dig
15:33.7,dig
15:34.8,pot entry
15:45.2,pot exit
16:06.1,attack female
16:18.4,dig
16:24.7,attack female
16:37.9,dig
17:09.9,quiver at female
17:11.9,attack female
17:24.1,dig
17:29.8,chase female
17:31.3,quiver at female
17:31.5,attack female
17:35.3,attack female
17:39.7,chase female
17:51.1,quiver at female
17:52.1,lead swim
17:56.5,attack female
18:00.9,attack male
18:15.3,dig
18:48.6,dig
18:50.5,dig
18:53.8,dig
19:12.4,attack female
19:13.7,chase female
19:18.6,dig
19:27.1,dig
19:32.8,dig
19:38.1,dig
19:51.1,attack female
19:55.0,attack female
20:09.0,dig
20:27.3,quiver at female
20:28.1,chase female
20:31.8,dig
20:35.0,dig
20:38.2,dig
20:46.4,attack male
20:48.3,dig
21:02.3,dig
21:04.4,dig
21:06.4,dig
21:09.8,quiver at female
21:12.0,attack male
21:15.7,attack female
21:26.3,pot entry
21:27.8,pot exit
21:32.9,dig
21:36.6,pot entry
21:42.7,pot exit
21:47.0,attack female
21:49.3,attack female
21:57.3,pot entry
21:59.7,pot exit
22:04.5,dig
22:05.6,dig
22:07.2,dig
22:09.1,dig
22:11.6,dig
22:37.1,quiver at female
22:37.5,attack female
22:40.7,dig
22:45.8,dig
22:47.7,chase female
22:49.0,attack female
22:52.5,flee from male
22:56.8,flee from male
22:58.7,attack male
22:59.9,attack female
23:04.7,dig
23:08.1,dig
23:19.7,dig
23:30.4,chase male
23:38.4,chase male
23:41.5,attack female
23:44.4,attack female
23:48.6,chase female
23:54.6,attack female
23:55.1,attack female
26:08.8,attack male
26:17.4,attack female
26:21.0,attack female
26:27.8,attack male
26:57.5,chase male
27:00.4,lead swim
27:02.2,attack female
27:03.7,quiver at female
27:06.6,attack male
27:06.9,attack female
27:11.9,attack male
27:13.4,chase female
27:15.3,chase female
27:16.6,chase male
27:21.1,attack male
27:22.4,attack female
27:29.0,attack female
27:33.7,attack female
27:38.1,chase female
27:40.7,attack female
27:45.8,attack female
27:46.5,attack female
27:50.9,chase female
28:07.9,attack male
28:29.2,attack male
28:32.5,quiver at female
28:33.1,attack male
28:35.7,attack female
28:37.4,chase male
28:44.0,attack female
28:54.1,chase female
29:09.9,lead swim
29:12.7,attack male
29:18.7,attack female
29:23.9,attack female
29:31.2,attack female
29:32.6,attack female
29:44.1,chase female
29:59.1,attack female
30:03.0,attack female
30:07.7,attack female
30:11.9,dig
30:14.3,pot entry
30:21.0,pot exit
30:27.4,attack female
30:30.7,attack female
30:38.3,chase female
30:41.2,pot entry
30:44.1,dig
30:44.9,pot exit
30:46.2,attack male
30:52.3,pot entry
31:01.6,pot exit
31:04.1,chase female
31:06.2,attack female
31:10.9,attack female
31:11.5,chase female
31:14.8,chase female
31:23.9,chase male
31:25.7,chase male
31:28.5,attack female
31:31.3,attack female
31:33.9,dig
31:40.6,attack female
31:43.3,attack male
31:45.7,attack male
31:46.8,attack female
31:52.3,dig
31:54.5,dig
31:56.1,dig
31:58.9,dig
32:03.8,quiver at female
32:04.0,lead swim
32:05.2,attack female
32:08.8,attack female
32:10.6,attack male
32:13.3,attack male
32:14.2,chase male
32:16.2,chase male
32:17.8,chase male
32:26.1,chase female
32:30.3,attack male
32:31.2,chase male
32:47.9,chase male
32:49.5,attack female
32:55.4,dig
32:59.6,attack male
33:03.6,attack male
33:07.4,quiver at female
33:08.8,chase female
33:14.7,pot entry
33:17.4,pot exit
33:19.1,chase female
33:24.2,chase female
33:26.7,attack female
33:29.1,attack female
33:32.3,attack female
33:35.8,dig
33:39.0,chase female
33:40.4,attack female
33:43.7,attack male
34:03.0,chase female
34:06.8,attack male
34:14.0,chase male
34:20.8,attack female
34:24.0,dig
34:40.6,attack female
34:41.6,chase female
34:56.6,dig
35:00.4,dig