Time,Behavior
54.186,flee from male
88.69,flee from male
101.444,flee from male
108.429,flee from male
149.192,flee from male
205.315,flee from male
221.563,flee from male
276.819,flee from male
325.565,flee from male
396.067,flee from male
679.823,flee from male
709.57,flee from male
730.315,flee from male
746.573,flee from male
813.817,flee from male
1636.068,attack female
1638.992,flee from male
1661.056,flee from male
1676.546,flee from male
1698.044,flee from male
1704.05,flee from male
1846.269,flee from male
1851.765,flee from male
1906.252,flee from male
1933.086,flee from male
2038.843,flee from male
2233.535,flee from male
2463.883,flee from male
2486.877,flee from male
2511.628,flee from male
2548.622,flee from male
2573.883,flee from male
2743.628,flee from male
2928.672,flee from male
2951.327,flee from male
3038.213,attack female
3229.855,flee from male
3255.687,flee from male
3266.429,flee from male
3495.353,flee from male
3527.861,flee from male
3542.359,flee from male
3565.684,attack female
3566.35,flee from male
3587.125,flee from male