﻿Time,Behavior
05:10.4,attack female
05:17.0,flee from female
05:28.2,flee from female
05:32.5,attack female
05:35.8,flee from female
06:03.8,attack male
06:13.8,attack female
06:16.6,attack female
07:21.5,attack female
07:26.4,attack female
07:49.7,attack female
08:03.9,attack female
08:04.8,flee from female
08:07.8,attack female
08:09.0,flee from female
08:59.7,attack female
09:06.4,attack female
09:21.8,attack female
10:28.7,attack female
10:58.1,attack female
11:10.8,attack female
11:24.0,attack female
11:43.8,flee from female
11:44.6,attack female
12:50.6,attack female
14:16.4,attack female
18:00.4,attack female
18:02.1,flee from female
21:23.7,attack female
22:18.1,attack female
34:38.7,flee from male