﻿Time,Behavior
05:04.0,attack male
05:07.3,attack female
05:13.1,attack female
05:13.3,attack male
05:15.7,attack female
05:18.1,attack male
05:24.0,attack male
05:42.8,attack female
05:51.1,attack male
05:57.8,attack female
05:59.1,attack female
06:08.6,attack female
06:18.3,attack female
06:24.3,attack female
06:26.0,attack female
06:26.7,attack male
06:33.8,attack female
06:39.6,attack male
06:54.4,attack female
06:59.2,chase female
07:01.1,attack male
07:01.9,attack female
07:03.0,attack female
07:04.7,attack female
07:06.0,attack female
07:15.2,attack female
07:17.8,quiver at female
07:27.3,attack female
07:32.3,chase female
07:42.1,attack male
07:48.7,chase male
07:51.9,attack female
07:56.6,chase female
08:00.1,chase female
08:02.5,attack female
08:10.0,attack female
08:21.5,attack female
08:22.3,attack male
08:22.8,attack female
08:24.7,attack female
08:26.4,attack female
08:30.5,dig
08:34.6,dig
08:37.9,attack female
08:44.3,dig
08:47.3,dig
08:48.4,attack female
08:50.4,attack female
08:53.0,attack female
09:06.7,dig
09:13.8,dig
09:19.1,attack female
09:20.6,attack female
09:30.3,chase female
09:35.4,attack female
09:54.0,attack male
09:57.8,chase female
10:10.8,attack female
10:13.6,attack female
10:34.5,attack female
10:36.1,attack female
10:41.6,attack female
10:43.0,attack female
10:45.1,attack female
10:49.8,attack female
10:58.0,chase female
11:03.4,attack female
11:12.2,attack female
11:14.7,attack female
11:17.1,attack female
11:18.7,attack female
11:25.4,attack female
11:37.4,attack female
11:43.6,attack male
11:49.1,attack female
12:08.0,attack female
12:15.5,attack male
12:16.4,chase male
12:17.8,attack female
12:36.4,chase female
12:40.3,attack female
12:41.1,chase female
12:47.9,attack female
12:49.6,attack male
13:17.5,chase female
13:21.7,pot entry
13:27.8,pot exit
13:28.1,chase female
13:33.6,attack male
13:37.3,attack female
13:44.8,pot entry
13:47.9,pot exit
13:48.0,attack female
13:50.8,chase female
13:56.8,attack female
14:03.8,chase male
14:07.3,attack male
14:14.5,attack female
14:20.2,chase female
14:22.0,attack female
14:24.7,attack female
14:28.0,attack male
14:32.5,attack female
14:47.3,attack female
14:48.3,attack female
15:08.1,chase female
15:19.2,pot entry
15:22.9,pot exit
15:23.5,attack male
15:25.7,attack female
15:27.4,attack male
15:38.1,dig
15:41.5,dig
15:45.8,dig
15:49.6,chase male
15:52.9,attack female
16:00.0,dig
16:02.9,attack female
16:10.1,attack female
16:15.6,attack female
16:16.4,attack female
16:18.2,attack male
16:24.7,chase female
16:27.4,chase female
16:36.9,chase female
16:51.9,attack female
16:54.6,attack female
17:06.2,attack female
17:08.3,attack female
17:16.1,attack female
17:21.4,attack female
17:22.5,attack female
17:28.3,dig
17:33.0,dig
17:35.6,dig
17:39.5,dig
17:42.4,attack female
17:48.8,attack female
17:55.9,attack male
17:57.8,attack female
18:02.1,attack female
18:03.0,chase female
19:05.7,attack female
19:19.9,dig
19:22.9,pot entry
19:26.1,pot exit
19:36.9,pot entry
19:39.5,pot exit
19:39.7,attack male
19:42.7,attack female
20:02.9,dig
20:05.7,dig
20:08.7,attack female
20:11.9,attack female
20:13.3,attack female
20:14.9,attack female
20:22.2,attack female
20:26.6,attack male
20:30.6,attack female
20:33.8,attack female
20:35.9,attack female
20:37.1,attack male
20:42.7,attack female
20:45.2,attack female
20:48.5,attack female
21:01.3,attack female
21:04.7,pot entry
21:08.0,pot exit
21:14.7,attack female
21:16.1,attack female
21:30.0,attack male
21:32.3,quiver at female
21:33.1,attack female
21:35.3,attack male
21:39.9,attack female
21:42.8,attack female
21:53.0,attack female
22:03.4,dig
22:07.8,attack female
22:09.7,chase male
22:28.4,attack female
22:57.7,attack male
23:31.6,chase female
23:48.1,dig
23:54.9,dig
23:59.0,attack female
24:03.5,attack female
24:04.9,attack female
24:06.3,attack female
24:15.4,attack female
24:27.5,attack female
24:37.3,attack female
24:41.6,attack female
24:57.2,attack female
24:59.6,chase male
25:01.1,chase male
25:07.5,pot entry
25:17.1,pot exit
25:17.4,attack female
25:21.0,chase male
25:23.6,chase male
25:27.2,chase female
25:36.6,chase female
25:41.1,attack female
25:58.4,chase female
26:07.2,pot entry
26:14.9,pot exit
26:15.2,chase female
26:27.5,chase female
26:33.4,attack female
26:43.1,dig
26:47.0,dig
26:54.3,pot entry
26:58.0,pot exit
26:58.7,chase female
27:02.5,attack female
27:04.4,attack male
27:08.8,attack female
27:11.5,attack female
27:26.9,attack female
27:36.9,chase female
27:43.0,attack female
27:47.0,attack female
27:55.7,dig
28:02.2,chase female
28:06.2,attack female
28:10.0,attack male
28:11.0,attack female
28:17.9,chase female
28:22.7,attack female
28:38.8,chase female
28:52.6,attack male
28:59.4,attack female
29:02.5,attack female
29:03.8,attack male
29:05.6,chase male
29:08.0,attack female
29:19.6,attack female
29:23.8,pot entry
29:31.2,pot exit
29:40.6,dig
29:44.9,dig
29:46.6,attack female
29:52.5,attack male
29:58.5,chase female
30:21.9,attack female
30:37.9,attack male
30:39.3,attack female
30:41.9,attack female
30:44.5,chase female
30:51.2,attack female
30:59.4,attack female
31:06.9,attack female
31:20.7,dig
31:24.1,chase female
31:36.1,attack male
31:43.0,attack male
31:44.9,attack male
31:50.4,attack female
31:54.1,attack female
31:58.8,chase female
32:02.3,chase female
32:16.5,dig
32:19.6,dig
32:21.5,dig
32:26.6,attack female
32:32.0,dig
32:46.5,attack female
33:02.0,attack female
33:05.2,attack female
33:40.7,attack female
33:42.0,attack male
33:44.0,chase male
33:50.0,attack female
33:52.8,chase female
34:23.8,attack male
34:37.0,attack female
34:39.8,chase female
34:44.9,chase female
34:50.0,chase female