Time,Behavior
963.311,attack female
967.315,flee from male
1003.061,attack female
1014.554,flee from male
1052.311,flee from male
1109.81,attack female
1153.562,flee from male
1157.807,attack female
1159.312,flee from male
1162.312,attack female
1164.31,chase female
1183.064,attack female
1268.641,attack female
1269.891,attack female
1321.146,attack female
1322.645,attack female
1323.894,attack female
1351.652,attack female
1353.149,attack female
1386.151,attack female
1499.406,attack female
1500.15,attack female
1501.65,chase female
1582.903,flee from male
1584.652,flee from male
1608.648,flee from male
1711.338,flee from male
1712.338,flee from male
1716.837,flee from male
1737.09,flee from male
1773.345,flee from male
1833.341,flee from male
1900.342,attack female
1902.597,chase female
1965.346,flee from male
1971.35,attack female
1992.874,attack female
1994.377,chase female
2003.123,attack female
2005.625,attack female
2007.624,attack female
2032.623,attack female
2066.133,attack female
2067.131,attack female
2067.885,chase female
2069.881,attack female
2088.386,flee from male
2093.131,attack female
2095.387,attack female
2096.886,attack female
2209.009,flee from male
2213.261,flee from male
2309.4,flee from male
2478.395,flee from male
2481.153,attack female
2519.155,flee from male
2574.651,attack female
2576.653,attack female
2577.906,attack female
2610.407,attack female
2612.652,attack female
2638.408,flee from male
2641.653,flee from male
2646.653,attack female
2652.151,attack female
2657.154,attack female
2675.654,attack female
2678.653,attack female
2680.653,attack female
2684.9,attack female
2686.406,attack female
2744.156,attack female
2747.403,attack female
2761.904,flee from male
2775.658,attack female
2838.158,flee from male
3014.901,chase female
3034.402,attack female
3041.406,attack female
3043.9,attack female
3064.152,attack female
3075.901,attack female
3088.901,attack female
3144.152,flee from male
3148.408,attack female
3160.154,attack female
3224.654,attack female
3232.409,attack female
3239.406,chase female
3290.155,attack female
3340.656,attack female
3343.658,attack female
3348.155,attack female
3363.657,attack female
3369.906,flee from male
3445.656,attack female
3465.659,attack female
3467.906,attack female
3517.149,attack female
3518.397,attack female
3542.399,attack female
3599.401,attack female
3644.149,chase female