﻿Time,Behavior
05:04.1,flee from male
05:13.6,flee from male
05:18.2,flee from male
05:24.2,flee from male
05:51.6,flee from male
06:03.2,flee from female
06:04.8,flee from female
06:27.0,flee from male
06:39.9,flee from male
06:59.8,flee from female
07:01.2,flee from male
07:42.2,flee from male
07:48.7,flee from male
07:53.7,flee from female
07:54.7,attack female
08:22.3,flee from male
09:54.2,flee from male
10:12.3,flee from female
10:55.6,flee from female
11:19.0,flee from female
11:30.4,flee from female
11:30.7,attack female
11:43.5,flee from male
11:45.5,flee from male
12:15.6,flee from male
12:43.4,flee from female
12:49.8,flee from male
13:33.3,flee from male
13:34.7,flee from male
13:38.8,flee from female
14:03.8,flee from male
14:07.5,flee from male
14:28.0,flee from male
15:23.6,flee from male
15:28.2,flee from male
15:50.5,flee from male
17:14.2,flee from male
17:55.5,flee from male
19:39.6,flee from male
19:50.4,flee from male
20:26.6,flee from male
21:30.5,flee from male
21:35.4,flee from male
22:09.7,flee from male
22:57.8,flee from male
23:40.4,flee from male
23:49.0,flee from female
23:58.4,flee from female
23:59.2,flee from male
24:03.8,flee from male
24:41.6,flee from male
24:59.3,flee from male
25:01.5,flee from male
25:21.4,flee from male
25:23.8,flee from male
27:04.6,flee from male
27:57.9,flee from female
28:09.9,flee from male
28:52.1,flee from male
28:55.9,flee from female
29:05.7,flee from male
30:34.2,flee from female
30:38.2,flee from male
31:36.1,flee from male
31:43.1,flee from male
31:45.0,flee from male
33:42.1,flee from male
33:44.2,flee from male
34:22.8,dig
34:23.8,flee from male