Time,Behavior
943.843,attack female
966.349,attack female
977.124,attack female
977.874,attack female
983.872,attack female
985.125,attack female
1017.9,flee from male
1081.181,flee from male
1082.435,flee from male
1084.932,flee from male
1095.232,flee from male
1104.233,flee from male
1106.232,flee from male
1109.235,quiver at female
1110.733,attack female
1171.291,flee from male
1184.789,flee from male
1216.356,attack female
1220.087,flee from male
1222.588,flee from male
1304.59,flee from male
1347.189,flee from male
1503.325,attack female
1509.079,flee from male
1547.827,flee from male
1574.329,flee from male
1585.233,flee from male
1608.482,flee from male
1638.011,flee from male
1701.512,flee from male
1702.513,flee from male
1711.264,flee from male
1712.262,flee from male
1818.262,flee from male
1834.017,flee from male
1892.769,flee from male
1898.267,flee from male
1908.518,flee from male
1910.519,flee from male
1942.768,flee from male
1987.874,flee from male
2088.463,flee from male
2119.256,flee from male
2146.799,flee from male
2162.549,attack female
2166.551,flee from male
2175.048,quiver at female
2175.795,flee from male
2183.08,flee from male
2219.126,flee from male
2238.123,flee from male
2244.874,flee from female
2248.901,flee from male
2260.399,flee from male
2264.419,attack female
2354.919,flee from male
2393.507,flee from male
2394.504,flee from male
2420.253,flee from male
2456.58,flee from male
2462.58,flee from male
2476.831,flee from male
2490.333,flee from male
2491.581,flee from male
2504.582,flee from male
2664.809,attack female
2734.308,flee from male
2734.558,flee from male
2737.309,flee from male
2738.309,flee from male
2738.893,attack female
2774.926,attack female
2799.682,quiver at female
2849.248,flee from male
2855.256,flee from male
2857.508,flee from male
2888.263,flee from male
2928.078,flee from female
2939.08,flee from male
2956.836,flee from male
2969.359,flee from male
2973.609,attack female
2982.36,attack female
2984.611,attack female
2986.858,flee from male
2990.641,flee from male
3016.392,attack female
3018.895,attack female
3021.142,chase female
3024.89,attack female
3032.639,attack female
3122.897,flee from male
3240.653,flee from male
3328.651,flee from male
3391.654,flee from male