Time,Behavior
913.048,chase female
941.552,pot entry
954.302,dig
960.802,pot exit
967.304,attack male
1007.137,attack female
1014.888,attack male
1016.637,chase female
1018.135,chase female
1020.886,attack female
1053.921,chase female
1058.165,chase female
1059.42,chase female
1063.67,chase female
1080.217,attack female
1082.472,quiver at female
1084.719,attack female
1087.969,chase female
1088.97,attack female
1111.471,chase female
1128.47,attack female
1129.72,chase female
1151.971,attack female
1168.97,attack female
1170.719,chase female
1178.825,attack female
1180.324,attack female
1210.326,pot entry
1232.324,pot exit
1241.078,attack female
1241.58,attack female
1242.577,chase female
1246.578,attack female
1249.825,attack female
1252.327,attack female
1273.826,chase female
1290.329,attack female
1291.581,chase female
1296.576,quiver at female
1298.826,chase female
1327.08,attack female
1329.325,attack female
1342.736,attack female
1344.483,attack female
1360.236,chase female
1368.984,attack female
1370.484,chase female
1372.487,attack female
1373.483,attack female
1374.984,chase female
1375.982,chase female
1377.235,attack female
1379.737,attack female
1380.736,chase female
1383.238,chase female
1384.235,attack female
1385.738,chase female
1396.735,attack female
1397.238,chase female
1411.235,quiver at male
1414.982,attack female
1416.737,attack female
1429.482,chase female
1431.738,attack female
1438.238,attack female
1447.987,attack female
1539.235,attack female
1540.238,chase female
1542.239,attack female
1543.983,chase female
1581.485,attack female
1582.987,chase male
1660.484,attack female
1661.485,chase female
1669.986,quiver at female
1674.985,attack female
1675.489,chase female
1679.732,attack female
1680.988,chase female
1684.484,attack female
1689.236,chase female
1700.236,quiver at female
1704.233,quiver at female
1707.233,quiver at female
1708.735,attack female
1710.988,attack male
1712.236,attack male
1716.988,attack male
1734.736,attack female
1740.487,attack female
1778.736,attack female
1833.736,attack male
1836.982,attack female
1863.738,attack female
1874.734,attack female
1875.986,chase female
1881.485,attack female
1882.738,chase female
1886.485,attack female
1910.482,attack female
1933.233,chase female
1934.485,chase female
1949.986,attack female
1951.735,chase female
1956.486,attack female
1959.235,attack female
1960.985,attack female
1965.237,attack male
1967.982,attack female
1975.736,quiver at female
1984.983,quiver at female
1986.234,attack female
1988.236,quiver at male
1993.236,attack female
2055.735,chase female
2057.987,chase female
2063.737,attack male
2072.484,attack female
2081.49,quiver at female
2086.234,chase female
2087.986,attack male
2102.734,attack female
2103.987,attack female
2107.49,attack female
2108.238,chase female
2203.487,pot entry
2207.234,pot exit
2209.237,chase male
2213.737,attack male
2214.734,chase female
2231.735,pot entry
2274.649,pot exit
2305.902,attack female
2306.402,chase female
2309.399,attack male
2311.399,quiver at female
2315.654,attack female
2316.653,attack female
2357.899,attack female
2358.898,chase female
2359.651,chase female
2363.4,chase female
2367.149,attack female
2369.648,attack female
2379.651,quiver at female
2383.152,attack female
2391.399,quiver at female
2393.898,attack female
2432.15,chase female
2433.153,attack female
2434.401,attack female
2444.401,attack female
2445.4,chase female
2449.151,chase female
2451.399,quiver at female
2454.152,attack female
2458.899,attack female
2515.9,attack female
2518.151,attack female
2518.898,attack male
2532.399,quiver at female
2536.649,attack female
2549.397,attack female
2592.145,attack female
2595.147,attack female
2596.149,attack female
2599.398,quiver at male
2601.649,attack female
2605.399,attack female
2611.647,attack female
2638.402,attack male
2641.649,attack male
2642.9,attack female
2663.146,chase female
2726.404,chase female
2729.147,attack female
2731.149,attack female
2751.649,attack female
2752.653,attack female
2753.9,attack female
2764.15,attack female
2764.9,chase female
2766.9,chase female
2840.649,attack female
2842.397,chase female
2896.9,pot entry
2916.05,pot exit
2920.553,chase female
2924.307,chase female
2926.805,chase female
3001.306,chase female
3003.309,chase female
3008.554,attack female
3009.807,attack female
3011.808,attack female
3052.307,chase female
3055.307,attack female
3059.305,attack female
3067.553,attack female
3069.055,chase female
3085.054,chase female
3094.802,quiver at male
3100.808,attack female
3101.806,attack female
3104.053,chase female
3106.303,chase female
3153.555,chase female
3154.803,attack female
3155.803,chase female
3188.799,quiver at female
3193.552,attack female
3194.056,chase female
3228.8,chase female
3230.057,attack female
3241.802,attack female
3245.556,attack female
3246.303,quiver at female
3336.057,attack female
3337.552,attack female
3341.555,attack female
3347.056,attack female
3370.057,attack male
3371.058,attack male
3372.055,chase female
3411.049,pot entry
3427.807,dig
3429.306,pot exit
3471.049,chase female
3474.049,attack female
3485.3,attack female
3505.806,attack female
3509.302,attack female
3515.051,attack female
3530.305,chase female
3545.806,quiver at male
3553.699,chase female
3559.699,attack female
3578.957,attack female