Time,Behavior
103.725,flee from male
171.977,flee from male
190.227,flee from male
191.977,flee from male
197.977,attack female
203.979,attack female
207.479,attack female
331.979,flee from male
550.525,flee from male
976.465,flee from male
1045.963,flee from male
1071.969,flee from male
1266.531,flee from male
1281.033,flee from male
1297.696,attack female
1357.249,flee from male
1358.999,flee from male
1364.999,attack female
1433.835,flee from male
1438.335,attack female
1438.587,flee from male
1445.835,attack male
1605.837,attack female
1616.762,attack female
1634.275,attack female
1708.275,flee from male
1938.277,flee from male
1942.275,attack female
1963.275,attack female
2048.277,flee from male
2052.025,flee from male
2056.025,flee from male
2062.025,flee from male
2063.777,flee from male
2064.777,flee from male
2068.275,flee from male
2073.719,attack female
2091.479,flee from male
2095.732,flee from male
2103.482,flee from male
2126.795,flee from male
2131.543,flee from male
2139.795,flee from male
2145.293,flee from male
2151.298,flee from male
2162.29,flee from male
2176.538,pot entry
2178.288,pot exit
2186.084,pot entry
2193.834,pot exit
2230.844,flee from male
2245.344,flee from male
2251.596,flee from male
2308.092,flee from male
2314.096,flee from male
2336.594,flee from male
2371.09,attack female
2374.842,flee from male
2379.844,flee from male
2508.844,flee from male
2583.346,flee from male
2623.594,attack female
2680.79,attack female
2698.3,flee from male
2714.798,flee from male
2778.188,flee from male
2847.255,flee from male
2872.503,flee from male
3031.753,attack female
3033.003,flee from male
3036,flee from male
3060.719,attack female
3065.464,flee from male
3396.226,flee from male
3399.479,attack female
3403.974,flee from male
3410.226,flee from male
3417.226,flee from male
3462.976,flee from male
3477.479,flee from male
3488.641,attack female
3494.406,flee from male
3585.968,attack female