Time,Behavior
18.909,attack female
29.662,attack female
34.909,attack female
46.412,attack female
53.422,attack male
60.422,flee from male
64.659,chase female
75.912,attack female
120.909,chase female
124.912,chase female
130.409,attack male
195.913,chase female
227.908,attack male
284.162,chase male
321.408,chase female
326.662,attack female
340.412,attack male
347.66,attack female
354.162,pot entry
364.162,pot exit
386.41,attack female
408.41,chase female
415.558,attack female
423.56,attack male
436.058,attack female
436.058,attack male
452.81,attack male
498.56,attack female
550.214,attack male
550.31,attack female
553.308,chase male
560.31,attack male
629.31,chase female
678.06,attack female
682.713,attack male
688.06,attack male
691.31,attack male
708.812,chase female
713.066,attack male
717.566,attack male
779.316,attack female
791.566,attack female
795.694,attack male
857.194,attack female
860.696,attack female
866.196,attack male
871.444,attack male
927.446,attack female
1056.702,chase female
1073.226,attack female
1093.73,attack female
1099.978,chase female
1125.728,attack male
1165.724,attack female
1168.98,attack male
1186.24,attack male
1223.728,attack female
1226.228,attack male
1289.978,chase female
1292.728,attack male
1312.978,attack female
1340.978,attack female
1350.228,chase female
1502.729,attack female
1561.229,chase female
1561.229,quiver at female
1620.732,chase female
1636.732,attack male
1684.729,attack female
1696.982,attack female
1728.482,attack male
1748.482,attack female
1756.229,attack female
1760.482,attack female
1805.984,chase female
1813.229,attack female
1887.732,attack female
1892.982,chase female
1954.479,attack female
1956.979,chase female
1963.732,chase male
1985.232,attack male
1993.482,attack female
1998.482,attack male
2002.979,chase female
2011.732,attack male
2013.479,attack male
2058.479,attack female
2061.982,chase female
2098.484,chase female
2154.285,chase female
2158.04,chase female
2168.288,chase female
2196.04,attack male
2202.793,chase female
2235.04,chase female
2244.788,chase female
2263.043,chase female
2304.29,attack female
2311.293,chase female
2323.543,attack female
2377.04,chase female
2380.538,attack female
2489.04,attack female
2550.788,attack female
2736.29,chase female
2800.788,pot entry
2816.788,pot exit
2819.288,attack female
2827.043,attack female
2830.543,chase female
2837.538,chase female
2841.04,chase male
2936.54,chase male
3008.038,attack female
3014.79,chase female
3020.038,attack male
3076.54,chase female
3080.293,chase male
3200.863,attack female
3230.363,attack female
3253.858,attack female
3279.363,chase female
3398.113,attack female