Time,Behavior
88.227,attack male
101.225,attack male
126.479,attack female
130.477,attack female
152.479,attack female
163.229,attack female
171.977,attack male
171.977,chase male
182.227,attack female
182.227,attack male
190.227,attack male
191.977,attack male
195.975,attack female
331.979,attack male
366.229,attack female
371.278,chase female
378.78,attack female
550.525,attack male
552.53,attack female
554.278,attack male
559.278,attack male
570.778,attack female
586.53,attack male
589.28,attack female
590.525,chase female
593.53,attack female
743.873,attack female
743.873,chase female
748.123,attack female
751.873,attack female
752.875,attack female
757.628,attack female
760.406,attack male
763.425,attack female
765.416,attack female
772.419,attack female
772.419,attack male
774.421,attack female
784.169,attack female
798.916,pot entry
801.671,pot exit
804.463,attack female
805.465,attack male
812.715,attack male
845.715,attack female
849.968,attack male
852.965,attack female
973.465,attack male
976.465,chase male
979.465,attack male
990.715,attack female
1043.718,attack male
1045.963,chase male
1053.218,attack female
1057.715,attack female
1071.969,attack male
1084.485,attack female
1089.237,attack female
1091.487,attack female
1100.982,attack female
1160.783,attack female
1187.778,attack female
1190.533,attack female
1266.531,attack male
1270.283,attack female
1281.033,attack female
1281.033,attack male
1282.179,quiver at female
1292.441,attack female
1297.691,attack female
1348.501,attack female
1357.249,attack male
1358.999,chase male
1419.835,attack female
1422.825,attack female
1429.835,attack female
1433.835,attack male
1433.835,chase male
1438.587,attack male
1443.087,attack female
1556.085,attack female
1557.585,chase female
1559.837,attack male
1603.337,attack female
1630.525,attack male
1631.275,attack female
1705.522,attack female
1708.275,attack male
1725.275,quiver at female
1734.772,chase female
1736.025,attack male
1737.527,attack male
1775.027,attack male
1775.527,attack female
1779.032,attack female
1784.272,attack female
1797.272,attack female
1801.027,attack female
1806.275,attack female
1811.527,attack female
1822.772,attack female
1831.027,chase female
1835.527,attack female
1852.03,attack female
1861.275,attack female
1938.277,attack male
1957.277,attack male
1984.522,quiver at female
2034.525,attack female
2040.525,attack female
2048.277,attack male
2050.78,chase male
2056.025,chase male
2059.022,attack male
2062.025,chase male
2063.777,attack male
2064.777,attack male
2068.275,chase male
2091.479,attack male
2095.732,chase male
2103.482,chase male
2110.232,quiver at female
2126.795,attack male
2131.543,chase male
2139.795,chase male
2145.293,chase male
2151.298,chase male
2162.29,chase male
2188.332,quiver at male
2192.834,quiver at male
2198.836,attack male
2225.094,chase female
2230.844,chase male
2235.592,attack male
2244.594,attack male
2251.596,chase male
2272.092,chase female
2275.594,attack female
2312.596,attack female
2314.096,chase male
2318.596,attack male
2330.344,attack male
2336.594,attack male
2363.592,quiver at female
2365.594,chase female
2373.342,attack male
2376.342,attack male
2378.092,chase male
2401.094,attack female
2419.84,attack female
2440.342,attack female
2458.094,attack female
2494.844,attack female
2497.344,chase female
2508.844,attack male
2533.09,attack female
2536.592,attack male
2538.592,attack female
2583.346,attack male
2612.844,attack female
2623.594,attack female
2630.344,attack female
2633.592,attack female
2676.592,attack female
2682.092,attack female
2685.8,quiver at female
2691.048,flee from female
2698.3,attack male
2707.05,attack male
2707.05,quiver at female
2714.798,attack male
2730.046,attack female
2733.8,attack female
2767.803,attack male
2775.936,attack male
2794.186,attack female
2803.188,attack male
2806.686,attack female
2816.938,pot entry
2844.503,pot exit
2847.255,attack male
2849.25,attack female
2855.003,attack female
2863.503,attack female
2872.503,attack male
2884.003,pot entry
2890.505,pot exit
2932.503,attack male
3025.008,attack female
3027.75,attack male
3033.003,attack male
3036,chase male
3045.255,attack female
3058.503,attack female
3061.003,attack male
3065.464,chase male
3073.216,attack female
3090.726,attack female
3094.979,attack female
3328.479,attack female
3336.476,attack female
3338.476,attack female
3342.979,attack female
3347.229,attack female
3349.976,attack female
3366.474,attack female
3396.226,attack male
3401.226,attack male
3403.974,attack female
3405.979,attack female
3410.226,attack male
3417.226,chase male
3426.976,quiver at female
3442.226,attack female
3449.474,chase female
3456.226,attack female
3462.976,chase male
3470.229,attack male
3477.479,attack male
3494.406,attack male
3500.403,attack female
3583.21,attack male
3585.968,attack male