Time,Behavior
6.902,attack female
26.658,attack female
53.188,attack male
56.692,attack female
71.686,attack female
73.686,attack female
86.934,attack female
96.504,chase female
108.494,attack female
135.995,attack male
180.818,attack female
216.07,attack female
221.064,attack female
248.075,attack female
250.571,attack male
281.573,attack female
285.57,chase female
292.074,attack female
325.571,attack male
329.322,attack female
342.07,attack male
396.818,attack male
400.818,chase female
507.34,attack female
512.086,attack female
638.346,attack male
677.118,attack male
705.597,attack male
708.847,chase male
775.095,chase female
797.947,chase male
851.76,chase female
919.579,attack male
1064.98,attack female
1077.723,chase female
1094.98,attack female
1119.036,chase female
1122.771,attack female
1162.817,attack female
1185.062,attack female
1191.059,attack female
1202.062,attack female
1210.314,attack female
1224.554,attack female
1257.564,attack female
1285.559,attack female
1355.339,attack female
1360.562,attack female
1365.533,chase female
1372.278,attack female
1378.288,attack female
1394.03,attack female
1429.335,attack female
1458.335,attack female
1473.33,chase female
1505.582,attack female
1589.337,attack female
1624.345,attack female
1633.332,attack female
1638.306,attack male
1639.058,chase male
1658.806,attack female
1667.303,attack female
1675.313,attack male
1696.316,attack male
1702.303,attack male
1842.751,attack male
1851.757,chase male
1865.003,attack female
1893.504,attack female
1906.252,attack male
1919.25,attack male
1933.086,attack male
2038.843,attack male
2217.046,attack female
2231.295,attack male
2390.569,pot entry
2429.56,pot exit
2459.56,attack male
2479.809,attack male
2508.827,attack male
2529.563,attack female
2547.578,attack male
2572.061,attack male
2587.815,attack female
2608.322,attack female
2628.053,chase female
2674.561,attack female
2737.125,pot entry
2739.641,pot exit
2742.389,attack male
2770.918,chase female
2822.42,chase female
2928.672,attack male
2950.426,attack male
2959.122,chase female
2979.63,chase female
3229.855,attack male
3253.62,attack male
3264.611,attack male
3274.208,attack female
3309.116,pot entry
3339.605,pot exit
3485.125,attack female
3495.353,attack male
3509.359,attack female
3519.362,attack female
3527.861,attack male
3542.359,attack male
3547.377,attack female
3563.614,attack female
3566.35,attack male
3572.368,chase female
3582.113,attack female
3587.125,attack male
3594.852,chase female