Time,Behavior
46.674,flee from female
53.422,flee from male
131.782,flee from male
284.162,flee from male
340.412,flee from male
433.965,flee from male
436.058,flee from male
452.81,flee from male
476.965,attack female
507.713,attack female
515.716,attack female
550.214,flee from male
553.308,flee from male
560.31,flee from male
587.716,attack female
682.713,flee from male
688.06,flee from male
691.31,flee from male
713.066,flee from male
717.566,flee from male
785.186,flee from male
785.872,attack female
795.694,flee from male
866.196,flee from male
871.444,flee from male
1125.728,flee from male
1168.98,flee from male
1186.24,flee from male
1226.228,flee from male
1292.728,flee from male
1636.732,flee from male
1728.482,flee from male
1935.041,attack female
1963.732,flee from male
1981.286,attack female
1985.232,flee from male
1998.482,flee from male
2011.732,flee from male
2013.479,flee from male
2196.04,flee from male
2269.035,flee from female
2841.04,flee from male
2936.54,flee from male
3020.038,flee from male
3084.788,flee from male
3268.418,flee from female
3508.168,flee from female
3536.918,flee from female