Time,Behavior
893.049,attack female
896.049,attack female
902.047,attack female
948.8,chase female
950.799,attack female
951.297,attack female
1015.798,chase female
1017.547,attack male
1032.549,attack female
1034.047,attack female
1052.961,attack female
1076.21,attack female
1080.957,attack male
1082.462,chase male
1084.46,attack male
1086.961,quiver at male
1088.21,attack female
1095.209,attack male
1103.209,attack female
1103.959,attack male
1106.21,attack male
1113.71,attack female
1120.46,attack female
1130.71,attack female
1132.209,chase female
1136.958,attack female
1142.211,attack female
1149.46,attack female
1164.959,pot entry
1167.709,pot exit
1171.212,attack male
1182.96,quiver at male
1193.959,attack female
1197.956,attack female
1211.456,attack female
1213.461,attack female
1214.461,attack female
1219.459,quiver at male
1219.96,attack male
1220.708,chase male
1222.46,attack male
1227.96,attack female
1231.461,attack female
1242.458,chase female
1257.207,attack female
1275.96,attack female
1304.441,attack male
1317.706,attack female
1329.21,quiver at female
1329.959,attack female
1335.209,attack female
1347.459,attack male
1380.708,attack female
1381.71,chase female
1394.957,chase female
1416.451,attack female
1446.833,attack female
1475.084,attack female
1505.834,pot entry
1508.331,pot exit
1509.085,attack male
1527.835,attack female
1542.449,attack female
1547.698,attack male
1559.967,attack male
1562.468,chase male
1573.974,attack male
1576.223,attack male
1581.97,quiver at female
1585.221,attack male
1591.972,attack female
1608.222,attack male
1626.975,attack female
1627.971,chase female
1637.969,attack male
1662.472,quiver at female
1674.72,attack female
1688.972,quiver at female
1693.723,attack female
1701.473,attack male
1703.512,attack male
1711.223,attack male
1712.222,attack male
1722.971,attack female
1771.972,attack female
1793.972,attack female
1805.721,attack female
1812.219,attack female
1815.726,attack female
1816.725,chase male
1833.725,attack male
1842.726,attack female
1844.725,attack female
1854.225,attack female
1860.476,attack female
1888.226,attack female
1892.725,attack male
1898.223,attack male
1908.226,attack male
1910.725,chase male
1921.227,attack female
1922.226,attack female
1924.723,attack female
1942.227,attack male
1946.474,attack female
1948.473,chase female
1956.726,attack female
1957.725,chase female
1965.979,attack female
1967.473,attack female
1974.726,attack female
1987.723,chase male
2030.475,attack female
2036.723,attack female
2047.727,attack female
2076.475,chase female
2088.226,attack male
2094.476,attack female
2109.474,attack female
2114.725,attack female
2119.224,attack male
2131.546,attack female
2146.293,attack male
2150.795,attack female
2161.045,attack female
2175.585,attack female
2177.797,attack male
2179.544,chase male
2203.044,attack female
2208.541,attack female
2214.293,quiver at female
2218.795,attack male
2221.795,attack female
2238.043,attack male
2248.795,attack male
2260.043,chase male
2283.793,attack female
2294.043,attack female
2302.545,attack female
2318.544,attack female
2332.292,attack female
2350.295,attack female
2352.249,chase female
2353.296,attack male
2364.045,attack female
2384.794,attack male
2393.544,attack male
2406.545,attack female
2420.294,chase male
2430.574,quiver at female
2442.076,attack female
2456.791,attack male
2462.043,attack male
2476.796,attack male
2490.296,attack male
2491.293,attack male
2504.544,attack male
2516.794,attack female
2523.794,attack female
2536.291,quiver at female
2539.043,attack female
2545.545,attack female
2547.542,quiver at female
2549.795,attack female
2561.795,pot entry
2575.291,pot exit
2578.294,chase female
2623.794,quiver at female
2682.796,attack female
2683.293,attack female
2723.293,pot entry
2732.546,pot exit
2734.042,attack male
2734.546,attack male
2737.045,attack male
2738.044,attack male
2755.293,attack female
2784.793,attack female
2793.544,attack female
2802.043,attack female
2803.038,quiver at female
2846.755,attack male
2855.015,attack male
2857.259,chase male
2887.771,attack male
2900.271,attack female
2922.768,attack female
2945.52,attack male
2958.772,attack female
2969.271,attack male
2972.521,quiver at female
2986.771,attack male
2990.019,attack male
3003.269,attack female
3007.272,attack female
3021.769,attack female
3022.269,chase female
3036.021,chase female
3048.521,attack female
3081.516,attack female
3082.518,attack female
3090.773,chase female
3092.77,attack female
3094.772,quiver at female
3096.773,attack female
3117.521,attack female
3122.77,attack male
3196.77,attack female
3198.271,quiver at female
3203.269,attack female
3204.77,attack female
3258.77,attack female
3264.771,attack female
3269.522,attack female
3283.522,attack female
3284.771,chase female
3286.771,attack female
3328.521,attack male
3329.771,chase female
3352.772,attack female
3355.77,attack female
3365.27,attack female
3375.77,attack female
3391.272,flee from male