﻿Time,Behavior
05:01.6,attack female
05:13.8,attack female
05:25.1,attack female
05:27.8,attack female
05:37.6,attack female
05:38.9,chase female
05:41.2,attack female
05:48.8,attack female
05:53.1,attack female
06:05.6,attack female
06:07.6,attack female
06:09.4,attack female
06:21.6,attack female
06:29.6,chase female
06:31.8,attack female
06:34.9,attack female
06:36.6,chase female
06:41.4,attack female
06:43.9,attack female
06:45.6,attack female
06:48.7,attack female
06:51.8,attack female
06:53.9,attack female
06:57.5,attack female
07:00.1,attack female
07:04.0,attack female
07:06.2,attack female
07:09.6,pot entry
07:13.0,pot exit
07:15.8,attack female
07:17.1,attack female
07:18.8,attack female
07:22.3,attack female
07:25.4,attack female
07:29.4,attack female
07:30.9,attack female
07:32.4,attack female
07:35.4,attack female
07:36.6,attack female
07:39.7,attack female
07:40.8,attack female
07:42.9,chase female
07:43.0,attack female
07:46.9,attack female
07:56.1,attack female
08:01.6,chase female
08:14.7,chase female
08:16.3,attack female
08:25.5,pot entry
08:29.0,pot exit
08:32.6,attack female
08:35.8,chase female
08:37.5,attack female
08:39.9,attack female
08:42.2,attack female
08:48.1,pot entry
08:52.2,pot exit
08:55.4,chase female
09:01.0,chase female
09:03.9,pot entry
09:07.1,pot exit
09:08.9,chase female
09:21.1,chase female
09:31.4,pot entry
09:32.7,pot exit
09:33.2,attack female
09:49.1,chase female
09:51.6,attack female
10:00.2,attack female
10:07.9,chase female
10:09.1,lead swim
10:13.1,attack female
10:17.5,attack female
10:21.1,attack female
10:22.1,attack female
10:23.8,chase female
10:29.1,attack female
10:33.1,pot entry
10:37.7,pot exit
10:40.3,attack female
10:43.8,chase female
10:46.1,attack female
10:51.1,attack female
10:53.9,attack female
10:55.6,attack female
11:00.3,chase female
11:03.3,attack female
11:09.5,attack female
11:13.1,chase female
11:16.2,chase female
11:21.3,attack female
11:22.3,chase female
11:26.7,attack female
11:32.0,attack female
11:34.0,chase female
11:38.0,chase female
11:41.7,attack female
11:46.6,attack female
11:52.5,attack female
12:02.7,pot entry
12:05.1,pot exit
12:07.1,chase female
12:11.3,chase female
12:15.4,chase female
12:18.7,attack female
12:22.1,attack female
12:25.0,pot entry
12:30.0,pot exit
12:30.2,dig
12:33.0,attack female
12:33.8,attack female
12:42.5,chase female
12:47.6,attack female
12:48.8,attack female
12:49.9,attack female
12:51.8,quiver at female
12:54.0,chase female
12:55.4,chase female
12:59.0,chase female
13:00.0,lead swim
13:01.4,attack female
13:02.4,chase female
13:05.0,attack female
13:09.0,pot entry
13:12.0,pot exit
13:12.2,attack female
13:13.3,attack female
13:15.0,attack female
13:17.3,chase female
13:18.6,attack female
13:31.4,attack female
13:32.9,attack female
13:38.2,attack female
13:40.4,attack female
13:41.3,chase female
13:45.4,attack female
13:46.8,chase female
13:49.3,chase female
13:53.8,chase female
13:56.6,chase female
14:06.8,pot entry
14:10.8,pot exit
14:11.9,lead swim
14:17.0,chase female
14:22.0,chase female
14:27.7,attack female
14:31.8,attack female
14:33.7,attack female
14:37.4,chase female
14:40.1,chase female
14:47.0,attack female
14:49.6,attack female
14:51.9,chase female
14:53.0,attack female
14:57.7,quiver at female
14:59.0,chase female
15:01.3,attack female
15:05.6,chase female
15:14.1,attack female
15:15.2,attack female
15:18.2,pot entry
15:23.3,pot exit
15:28.9,chase female
15:30.6,chase female
15:38.9,dig
15:40.2,chase female
15:42.9,chase female
15:45.3,attack female
15:46.6,attack female
15:49.6,chase female
15:53.6,attack female
15:54.2,chase female
15:55.6,attack female
16:01.8,pot entry
16:05.4,pot exit
16:05.4,dig
16:06.4,attack female
16:11.7,attack female
16:13.5,chase female
16:24.6,attack female
16:27.6,chase female
16:32.6,chase female
16:35.6,attack female
16:38.5,chase female
16:59.5,attack female
17:02.8,attack female
17:05.5,attack female
17:08.3,chase female
17:10.4,chase female
17:15.6,attack female
17:18.1,attack female
17:22.1,attack female
17:25.4,attack female
17:26.2,chase female
17:27.7,chase female
17:29.6,chase female
17:31.6,chase female
17:40.8,chase female
17:44.2,attack female
17:46.1,chase female
17:51.6,attack female
17:55.8,chase female
17:58.8,chase female
18:04.5,attack female
18:09.2,attack female
18:11.3,attack male
18:13.6,attack female
18:14.8,attack female
18:19.0,chase female
18:22.2,chase female
18:38.4,attack female
18:45.0,chase female
18:51.8,chase female
18:57.0,pot entry
19:00.7,pot exit
19:01.6,dig
19:02.4,attack female
19:05.6,attack female
19:09.3,chase female
19:16.5,chase female
19:18.0,attack female
19:20.5,attack female
19:22.3,attack female
19:30.8,attack female
19:31.7,chase female
19:34.0,pot entry
19:43.1,pot exit
19:44.4,attack female
19:48.4,chase female
19:53.5,chase female
20:00.3,attack female
20:01.1,lead swim
20:02.9,attack female
20:16.0,dig
20:19.1,dig
20:22.9,attack female
20:23.6,chase female
20:34.0,chase female
20:48.8,dig
21:08.4,lead swim
21:10.5,lead swim
21:12.9,chase female
21:15.8,attack female
21:20.2,chase female
21:25.5,chase female
21:30.6,attack female
21:41.0,chase female
21:42.6,chase female
21:47.8,chase female
21:50.8,attack female
21:54.0,chase female
21:58.6,attack female
22:01.2,chase female
22:08.6,attack female
22:09.6,attack female
22:13.0,chase female
22:17.0,attack female
22:19.6,attack male
22:22.3,quiver at female
22:24.8,chase female
22:30.7,attack female
22:33.0,attack female
22:39.6,dig
22:41.0,dig
22:42.8,dig
22:44.9,pot entry
22:49.4,pot exit
22:54.6,lead swim
22:58.3,chase female
22:59.8,chase female
23:01.6,chase female
23:06.8,chase female
23:11.3,pot entry
23:16.8,pot exit
23:19.3,attack female
23:20.4,chase female
23:22.8,attack female
23:24.6,attack female
23:26.2,chase female
23:26.8,chase female
23:29.7,lead swim
23:32.0,attack female
23:32.6,attack female
23:34.2,attack female
23:40.0,attack female
23:41.6,chase female
23:44.5,attack female
23:48.7,pot entry
23:50.7,pot exit
23:52.4,pot entry
23:57.0,pot exit
23:58.5,chase female
24:01.8,chase female
24:04.9,chase female
24:07.4,pot entry
24:09.1,dig
24:09.5,pot exit
24:09.9,pot entry
24:11.6,pot exit
24:11.6,dig
24:14.6,attack female
24:16.2,attack female
24:17.0,chase female
24:19.8,attack female
24:22.7,chase female
24:25.7,chase female
24:39.0,chase female
25:03.2,lead swim
25:13.2,chase female
25:23.0,lead swim
25:25.5,chase female
25:27.7,attack female
25:29.4,lead swim
25:33.0,chase female
25:36.2,attack female
25:38.2,attack female
25:39.1,attack female
25:40.2,attack female
25:44.2,attack female
25:46.9,chase female
25:50.9,dig
25:52.4,dig
25:54.8,dig
25:56.0,attack female
25:58.6,chase female
26:00.1,chase female
26:03.8,chase female
26:19.5,chase female
26:22.9,chase female
26:30.6,chase female
26:34.8,chase female
26:41.3,attack female
26:47.4,chase female
27:04.8,attack female
27:07.0,attack female
27:12.3,attack female
27:18.0,pot entry
27:20.4,pot exit
27:22.1,chase female
27:23.7,chase female
27:25.6,chase female
27:29.2,chase female
27:35.0,chase female
27:38.4,attack female
27:40.0,attack female
27:48.0,dig
27:49.8,dig
28:00.3,attack female
28:05.3,chase female
28:08.0,chase female
28:10.5,chase female
28:14.4,chase female
28:15.3,attack female
28:16.8,attack female
28:19.2,chase female
28:20.4,chase female
28:23.2,chase female
28:26.9,attack female
28:32.4,attack female
28:34.6,attack female
28:37.4,chase female
28:39.0,chase female
28:39.7,chase female
28:40.7,chase female
28:45.4,pot entry
28:50.5,dig
28:51.4,pot exit
28:53.0,chase female
28:55.3,attack female
29:00.1,chase female
29:03.6,attack female
29:05.2,chase female
29:10.0,chase female
29:15.7,pot entry
29:18.6,pot exit
29:20.4,pot entry
29:25.5,pot exit
29:27.5,chase female
29:32.7,chase female
29:37.2,chase female
29:38.6,chase female
29:42.8,chase female
29:46.7,chase female
29:51.6,chase female
29:54.8,chase female
29:57.6,chase female
30:01.8,attack female
30:07.0,lateral display
30:07.8,attack female
30:09.2,attack female
30:10.4,chase female
30:17.6,attack female
30:22.0,chase female
30:25.0,attack female
30:27.0,attack female
30:28.9,chase female
30:34.0,chase female
30:38.0,chase female
30:50.4,chase female
30:58.4,chase female
31:00.4,chase female
31:04.1,attack female
31:06.7,attack female
31:10.5,pot entry
31:13.9,pot exit
31:17.0,pot entry
31:19.0,pot exit
31:19.0,dig
31:21.1,chase female
31:23.9,chase female
31:25.4,attack female
31:28.0,chase female
31:31.0,chase female
31:37.7,chase female
31:41.0,chase female
31:43.4,attack female
31:44.6,chase female
31:47.8,attack female
31:48.6,chase female
31:54.9,pot entry
31:56.2,pot exit
31:56.6,attack female
32:00.7,attack female
32:05.9,chase female
32:14.7,chase female
32:17.4,chase female
32:21.3,chase female
32:23.2,chase female
32:28.4,attack female
32:29.5,attack female
32:33.9,chase female
32:41.2,attack female
32:41.8,chase female
32:43.8,chase female
32:45.9,attack female
32:52.1,chase female
32:54.9,chase female
33:01.8,attack female
33:02.8,chase female
33:05.5,chase female
33:07.2,attack female
33:11.1,chase female
33:14.1,attack female
33:19.0,chase female
33:22.6,attack female
33:23.2,attack female
33:24.0,chase female
33:29.6,chase female
33:32.7,chase female
33:35.8,pot entry
33:40.8,pot exit
33:44.6,attack female
33:45.8,chase female
33:47.4,chase female
33:49.8,chase female
33:52.6,attack female
33:55.4,attack female
33:58.1,chase female
34:00.1,attack female
34:01.6,chase female
34:13.8,attack female
34:15.6,attack female
34:16.8,chase female
34:18.8,chase female
34:22.2,attack female
34:27.0,chase female
34:29.8,attack female
34:32.9,chase female
34:35.4,chase female
34:38.8,attack male
34:43.7,lead swim
34:51.4,attack female
34:54.5,attack female
34:56.7,chase female