﻿Time,Behavior
05:15.3,flee from male
05:22.8,flee from female
06:09.7,flee from male
06:29.2,attack female
06:33.3,attack female
06:54.4,flee from female
07:01.1,flee from male
07:02.2,flee from male
07:18.7,flee from female
07:19.5,flee from male
08:20.8,flee from male
08:37.2,flee from male
08:55.5,attack female
09:51.3,flee from male
10:31.3,flee from male
10:31.8,flee from male
11:19.7,attack female
11:22.8,flee from male
11:24.9,flee from male
11:28.1,flee from male
11:37.0,attack female
11:46.3,flee from male
11:48.5,flee from male
11:50.3,flee from male
11:57.0,flee from male
12:31.1,flee from male
13:38.8,flee from male
13:52.8,flee from male
14:11.4,attack female
15:24.5,attack female
15:55.8,attack female
15:57.5,attack female
16:10.7,attack female
16:11.7,attack female
16:20.3,chase female
17:05.8,attack female
17:08.3,flee from female
17:23.5,attack female
17:25.1,attack male
17:32.9,attack female
17:49.9,flee from female
18:00.8,flee from male
18:21.7,flee from female
20:36.2,flee from female
20:46.4,flee from male
20:56.1,attack female
21:12.0,flee from male
21:14.3,attack female
21:34.3,attack female
22:00.4,flee from female
22:58.7,flee from male
23:30.6,flee from male
23:38.3,flee from male
23:39.9,flee from female
26:08.9,flee from male
26:28.0,flee from male
26:57.5,flee from male
27:06.6,flee from male
27:08.7,flee from female
27:12.0,flee from male
27:16.4,flee from male
27:21.1,flee from male
28:07.8,flee from male
28:08.9,flee from male
28:33.2,flee from male
28:37.5,flee from male
29:01.9,flee from female
29:12.9,flee from male
30:41.8,attack female
30:45.5,attack female
30:46.2,flee from male
31:20.1,flee from male
31:24.0,flee from male
31:25.6,flee from male
31:26.4,flee from male
31:45.9,flee from male
31:59.4,flee from female
32:00.5,flee from female