﻿Time,Behavior
05:03.6,pot exit
05:05.5,attack female
05:32.1,chase male
05:37.9,attack female
05:41.3,chase male
05:43.3,chase male
05:44.6,chase male
05:47.8,chase male
06:13.0,chase female
06:23.2,chase female
06:25.0,attack female
06:26.1,attack female
06:41.1,attack female
07:09.1,attack male
07:18.0,attack female
07:19.4,chase male
07:20.7,attack male
07:38.3,dig
07:40.8,attack female
07:44.7,attack female
07:52.1,dig
07:53.1,dig
07:55.5,attack female
07:56.1,chase female
07:57.4,chase female
08:40.6,chase male
08:45.5,dig
08:47.0,dig
08:48.9,dig
08:51.0,dig
08:55.6,dig
08:57.4,quiver at male
08:59.1,dig
09:00.6,chase male
09:07.1,dig
09:08.3,dig
09:11.8,attack female
09:19.0,attack male
09:35.6,dig
09:37.3,dig
09:51.2,dig
09:55.1,dig
09:56.2,dig
09:58.1,dig
10:02.5,dig
10:04.0,dig
10:08.8,attack male
10:13.1,attack male
10:14.3,attack male
10:25.5,attack female
10:29.0,attack female
10:32.7,attack female
10:33.2,attack female
10:35.5,chase female
10:37.2,attack female
10:47.9,chase male
10:51.4,attack female
10:53.1,attack male
10:54.9,attack female
11:02.1,attack male
11:02.8,attack male
11:07.4,attack male
11:11.1,attack male
11:12.4,attack male
11:18.1,dig
11:21.0,dig
11:23.6,chase female
11:28.6,attack male
11:30.6,attack female
11:47.1,attack male
11:49.7,dig
11:56.2,dig
12:09.4,dig
12:11.4,dig
12:13.0,dig
12:14.6,dig
12:16.8,dig
12:18.2,dig
12:27.4,chase female
12:30.1,chase male
12:34.7,attack female
12:41.0,chase female
12:44.4,attack female
12:47.7,chase female
13:04.7,quiver at female
13:08.8,quiver at male
13:11.9,attack male
13:15.5,attack female
13:16.2,chase female
13:21.2,attack female
13:38.1,pot entry
13:41.4,dig
13:42.0,pot exit
13:43.3,chase female
13:46.9,attack male
13:47.7,attack male
13:50.0,attack male
13:54.8,pot entry
13:57.8,dig
13:58.8,pot exit
14:00.1,pot entry
14:03.1,dig
14:04.2,pot exit
14:06.0,attack female
14:11.5,pot entry
14:14.8,dig
14:15.5,pot exit
14:16.5,attack male
14:18.9,attack male
14:33.3,attack male
14:36.1,chase male
14:41.2,chase female
14:49.1,attack female
14:53.2,chase male
14:55.0,pot entry
14:56.5,pot exit
14:57.8,attack female
15:01.1,attack female
15:06.7,attack female
15:12.0,pot entry
15:15.7,pot exit
15:16.3,attack female
15:21.3,pot entry
15:23.6,pot exit
15:24.0,dig
15:27.4,chase male
15:30.3,attack female
15:32.8,attack female
15:39.9,pot entry
15:43.9,dig
15:45.1,pot exit
15:46.4,pot entry
15:52.1,dig
15:52.3,pot exit
15:59.5,attack male
16:00.0,chase male
16:03.8,attack male
16:14.3,attack female
16:19.6,quiver at male
16:21.9,attack male
16:24.7,quiver at male
16:26.4,attack male
16:30.3,attack male
16:30.7,chase male
16:35.6,attack female
16:41.2,attack male
16:46.7,chase female
16:48.1,attack female
16:52.2,chase male
16:54.8,attack female
16:59.9,attack female
17:02.2,chase female
17:03.2,chase female
17:11.1,attack male
17:14.5,attack female
17:15.5,attack male
17:18.2,attack male
17:23.6,lead swim
17:28.1,attack female
17:31.3,attack female
17:32.9,attack female
17:41.3,chase male
17:55.8,dig
17:59.1,pot entry
18:04.7,pot exit
18:07.9,pot entry
18:11.6,pot exit
18:11.7,dig
18:18.3,dig
18:19.6,dig
18:22.3,attack female
18:29.9,chase female
18:31.5,attack female
18:33.8,attack male
18:42.9,attack female
18:46.5,attack female
18:47.0,chase female
18:49.4,chase female
18:58.9,pot entry
19:00.9,dig
19:02.2,pot exit
19:04.8,dig
19:06.4,dig
19:07.9,dig
19:09.3,dig
19:13.9,chase female
19:19.2,chase male
19:22.8,quiver at female
19:23.8,attack female
19:27.9,attack male
19:30.6,chase female
19:46.2,pot entry
19:49.8,dig
19:52.1,pot exit
19:53.2,dig
19:54.8,dig
19:57.5,dig
20:01.2,dig
20:03.8,dig
20:04.9,dig
20:08.2,dig
20:10.8,dig
20:19.0,attack female
20:22.5,attack female
20:29.0,dig
20:33.3,chase male
20:36.1,attack female
20:37.5,attack female
20:41.6,attack female
20:45.5,attack male
20:49.0,chase female
20:53.5,dig
20:55.7,dig
20:59.1,dig
21:10.5,attack male
21:14.5,attack female
21:18.1,attack female
21:21.4,attack female
21:24.4,chase female
21:29.0,attack female
21:33.1,pot entry
21:36.1,dig
21:36.5,pot exit
21:37.5,pot entry
21:42.9,dig
21:43.8,pot exit
21:44.9,pot entry
21:47.4,dig
21:48.7,pot exit
21:50.3,attack female
21:54.8,lead swim
21:56.8,attack female
21:58.5,attack female
22:00.2,attack female
22:02.2,attack female
22:05.3,chase female
22:07.8,chase female
22:19.7,chase female
22:22.4,chase female
22:29.7,dig
22:32.3,dig
22:34.9,dig
22:35.9,pot entry
22:41.3,dig
22:41.7,pot exit
22:54.5,chase female
22:56.3,chase female
22:59.7,chase male
23:02.0,chase female
23:03.8,chase female
23:12.0,chase female
23:16.3,chase female
23:26.0,chase female
23:30.7,chase male
23:35.4,dig
23:36.3,dig
23:47.8,dig
23:48.9,dig
23:50.3,dig
23:52.2,attack female
23:57.1,chase female
23:59.4,chase female
24:05.5,attack female
24:08.7,chase female
24:13.8,pot entry
24:17.1,dig
24:18.0,attack female
24:24.1,attack female
24:26.6,attack female
24:28.6,chase female
24:31.1,chase female
24:36.3,chase male
24:44.6,chase male
24:48.6,attack female
24:50.3,chase female
25:00.5,chase female
25:05.4,dig
25:07.1,dig
25:08.3,dig
25:11.2,dig
25:13.1,attack male
25:14.5,attack female
25:20.7,attack male
25:24.6,attack female
25:27.4,chase female
25:30.7,attack female
25:32.0,attack female
25:34.7,chase female
25:40.7,chase female
25:43.7,chase female
25:46.0,dig
25:48.1,dig
25:54.2,dig
25:56.4,dig
25:57.9,dig
26:07.2,chase female
26:09.0,attack female
26:11.1,attack female
26:15.0,dig
26:27.4,chase female
26:33.0,attack female
26:36.9,dig
26:40.3,dig
26:45.0,chase female
26:51.4,chase female
26:58.7,attack female
27:02.5,attack female
27:09.9,chase female
27:16.8,chase female
27:22.5,pot entry
27:25.2,dig
27:25.7,pot exit
27:28.0,dig
27:29.9,dig
27:30.9,dig
27:32.2,dig
27:33.7,dig
27:34.9,dig
27:38.1,dig
27:39.8,dig
27:41.2,dig
27:45.8,quiver at female
27:46.6,attack female
27:48.1,attack female
27:51.9,attack female
28:01.5,dig
28:07.4,chase female
28:10.0,attack female
28:12.6,attack female
28:13.3,attack female
28:16.4,attack female
28:17.9,attack female
28:20.8,attack female
28:24.8,pot entry
28:27.3,pot exit
28:40.7,chase male
28:45.2,attack female
28:53.8,chase female
28:55.3,chase female
28:55.7,attack male
29:04.3,attack male
29:05.2,chase male
29:08.8,attack female
29:10.4,chase female
29:12.5,chase female
29:29.7,chase female
29:30.9,attack female
29:35.2,attack female
29:39.9,attack female
30:02.1,chase male
30:05.9,chase female
30:08.9,attack female
30:13.2,chase female
30:14.6,attack female
30:26.4,dig
30:30.5,dig
30:33.3,attack female
30:37.8,attack female
30:43.0,attack female
30:46.6,dig
30:48.2,dig
30:49.6,dig
30:51.2,dig
30:52.9,dig
31:17.8,attack male
31:24.4,chase female
31:27.5,chase female
31:37.8,attack female
31:39.5,attack male
31:47.3,pot entry
31:50.0,dig
31:50.8,pot exit
31:51.9,attack female
31:55.5,pot entry
31:59.1,dig
32:01.3,dig
32:02.4,pot exit
32:04.0,dig
32:09.6,attack female
32:10.6,attack female
32:11.9,attack male
32:15.2,chase female
32:19.3,chase female
32:23.3,attack female
32:27.8,attack male
32:35.8,attack female
32:37.5,attack female
32:43.5,attack female
32:46.4,attack male
32:47.7,chase female
32:50.4,attack female
32:51.6,attack female
32:58.3,attack male
33:08.4,chase male
33:16.6,pot entry
33:18.9,pot exit
33:20.1,chase female
33:29.8,chase female
33:34.9,attack male
33:36.9,dig
33:41.1,dig
33:42.9,dig
33:46.5,dig
33:49.7,dig
33:51.5,dig
33:53.0,dig
34:01.5,attack female
34:04.0,dig
34:04.9,dig
34:09.8,dig
34:11.1,dig
34:12.8,dig
34:14.0,dig
34:16.3,dig
34:17.9,dig
34:20.8,dig
34:22.8,dig
34:24.0,dig
34:28.8,chase female
34:33.2,attack female
34:35.0,dig
34:37.0,dig
34:38.7,dig
34:40.5,dig
34:42.3,dig
34:44.7,dig
34:46.0,dig
34:48.0,dig
34:49.2,dig
34:53.9,chase female
34:57.0,attack female
35:00.0,dig
35:01.6,dig
35:03.8,dig
35:06.3,dig
35:10.7,attack female
35:12.9,attack female
35:13.7,quiver at female
35:14.2,attack female
35:16.2,dig
35:18.0,dig
35:20.8,dig
35:22.4,dig
35:24.0,dig
35:28.1,dig
35:32.0,dig
35:33.9,dig
35:39.5,attack female
35:42.5,attack female
35:44.9,attack female
35:52.2,chase female
36:04.8,dig
36:08.2,attack female
36:10.4,dig
36:11.6,dig
36:15.1,dig
36:16.7,dig
36:20.6,chase female
36:31.4,attack female
37:03.4,chase female
37:15.6,attack female
37:23.2,attack female
37:23.7,attack female
37:30.5,pot entry
37:34.1,pot exit
37:43.9,quiver at female
37:44.2,attack female
38:11.4,flee from male
38:13.3,attack male
38:16.6,chase male
38:18.4,attack female
38:22.9,attack female
38:27.2,attack female
38:32.3,attack female
38:35.7,dig
38:38.7,dig
38:41.2,dig
38:47.8,attack female
38:57.8,attack female
38:59.8,attack female
39:00.9,chase female
39:07.1,chase female
39:10.3,attack female
39:13.9,attack female
39:15.3,attack female
39:19.6,attack female
39:39.6,pot entry
39:43.8,pot exit
39:44.7,attack female
39:49.6,attack female
39:52.1,attack female
39:53.2,attack female
39:54.8,chase male
39:56.3,chase male
39:58.9,attack female
40:08.1,quiver at female
40:09.2,attack female
40:16.2,dig
40:19.8,dig
40:22.3,pot entry
40:27.0,pot exit
40:29.7,attack female