Time,Behavior
983.249,flee from male
1040.153,flee from male
1188.904,attack female
1190.152,attack female
1192.404,attack female
1193.653,attack female
1274.895,flee from male
1331.151,flee from male
1383.153,flee from male
1441.094,flee from male
1442.347,attack female
1486.598,flee from male
1540.598,attack female
1543.348,attack female
1651.605,flee from male
1674.356,flee from male
1782.354,flee from male
1823.356,flee from male
1864.355,flee from male
1872.109,flee from male
1988.103,flee from male
1990.359,flee from male
2139.546,flee from male
2142.289,flee from male
2152.301,flee from male
2200.301,flee from male
2233.301,flee from male
2271.05,flee from male
2324.675,flee from male
2383.932,flee from male
2398.185,flee from female
2405.429,flee from male
2464.08,flee from male
2629.379,attack female
2635.546,flee from male
2655.297,flee from male
2765.925,flee from male
2803.929,flee from male
2818.432,flee from male
2979.607,flee from male
3015.854,flee from male
3090.859,flee from male
3106.61,flee from male
3125.857,flee from male
3137.804,flee from male
3161.074,flee from male
3189.331,flee from male
3215.624,flee from male
3245.875,flee from male
3328.181,flee from male
3333.992,flee from male
3342.25,flee from male
3359.502,flee from male
3369.252,flee from male
3406.254,flee from male
3473.252,flee from male
3529.003,flee from male