Time,Behavior
970.013,attack female
975.511,attack female
982.762,attack male
988.761,attack male
995.76,attack female
1028.17,pot entry
1029.168,attack female
1039.166,pot exit
1041.918,attack male
1077.416,pot entry
1162.17,attack female
1162.17,pot exit
1164.42,pot entry
1219.916,pot exit
1220.667,attack female
1263.669,pot entry
1273.169,pot exit
1273.416,attack male
1275.419,pot entry
1322.668,pot exit
1323.168,attack female
1323.418,attack female
1330.669,attack male
1337.492,pot entry
1339.242,pot exit
1339.489,attack female
1339.742,pot entry
1358.998,pot exit
1359.496,attack female
1367.748,attack female
1368.497,attack male
1383.248,attack female
1398.999,pot entry
1403.498,attack female
1433.083,pot exit
1434.084,attack female
1435.832,attack female
1440.831,attack male
1474.085,attack female
1478.584,pot entry
1485.835,pot exit
1486.582,attack male
1496.33,attack female
1506.085,pot entry
1550.331,pot exit
1554.835,attack female
1558.835,attack female
1572.581,attack female
1574.085,attack female
1576.084,attack female
1587.331,pot entry
1590.584,pot exit
1591.083,attack female
1591.834,pot entry
1624.834,pot exit
1625.08,attack female
1640.582,attack female
1644.585,attack female
1651.334,attack male
1673.834,attack male
1709.084,attack female
1738.834,pot entry
1744.583,pot exit
1745.083,attack female
1756.58,pot entry
1762.676,attack female
1774.176,attack female
1776.678,attack female
1781.927,attack male
1822.927,attack male
1863.678,attack male
1871.676,attack male
1872.678,attack female
1877.426,pot entry
1891.425,pot exit
1925.676,attack female
1931.177,attack female
1987.674,attack male
1990.173,attack male
2057.424,pot entry
2072.174,pot exit
2079.676,attack female
2080.927,attack female
2087.925,attack female
2088.427,attack female
2133.794,chase female
2139.545,attack male
2142.045,chase male
2152.044,attack male
2200.058,attack male
2219.81,attack male
2233.315,attack female
2270.816,chase male
2275.813,attack female
2294.564,attack female
2315.059,attack female
2324.312,attack male
2333.314,attack female
2335.314,attack female
2341.565,attack female
2348.567,attack female
2350.064,attack female
2353.31,attack female
2365.565,attack female
2376.311,attack female
2404.551,attack male
2414.301,attack female
2419.299,attack female
2421.047,attack female
2452.05,attack female
2462.299,attack male
2464.55,attack female
2467.551,attack female
2469.052,attack female
2470.801,chase female
2476.552,chase female
2497.408,attack female
2522.412,attack female
2564.662,attack female
2596.414,attack female
2601.658,attack female
2622.91,attack female
2634.792,attack male
2640.663,attack female
2654.91,chase male
2659.911,attack female
2673.16,attack female
2693.159,attack female
2699.413,attack female
2706.409,attack female
2721.91,attack female
2765.925,attack male
2777.41,pot entry
2786.411,pot exit
2789.909,chase female
2800.414,attack female
2803.411,attack male
2816.91,attack female
2818.162,attack male
2841.506,attack female
2930.503,attack female
2932.507,attack female
2979.868,attack male
2992.113,attack female
3007.368,attack female
3010.613,attack female
3015.617,attack male
3031.612,attack female
3032.617,attack female
3042.865,pot entry
3065.614,attack female
3079.116,attack female
3090.617,attack male
3106.365,attack male
3110.615,attack female
3117.113,attack female
3119.117,attack female
3125.37,attack male
3132.868,quiver at female
3133.867,attack female
3144.115,attack female
3152.617,attack female
3160.866,attack male
3198.101,attack female
3203.852,attack female
3214.85,attack male
3223.102,attack female
3224.852,chase female
3245.601,attack male
3274.358,attack female
3289.357,attack female
3328.111,attack male
3333.855,attack male
3341.86,attack male
3359.359,attack male
3369.109,attack male
3406.109,attack male
3417.609,attack female
3454.357,attack female
3473.107,attack male
3490.359,attack female
3507.606,attack female
3529.358,attack male
3531.106,attack female
3541.353,attack female