﻿Time,Behavior
05:16.1,attack female
05:29.8,attack female
05:32.0,flee from male
05:41.2,flee from male
05:42.7,flee from male
05:44.5,flee from male
05:47.9,flee from male
06:13.9,flee from female
07:02.2,attack female
07:07.2,attack female
07:09.0,flee from male
07:19.1,flee from male
07:20.7,flee from male
07:21.9,attack female
07:22.7,flee from female
08:40.5,flee from male
08:58.6,dig
08:59.5,dig
09:00.5,flee from male
09:19.1,flee from male
09:21.1,attack female
09:22.1,attack female
09:26.9,attack female
09:31.9,attack female
10:05.4,attack female
10:08.9,flee from male
10:12.2,attack female
10:13.2,flee from male
10:14.3,flee from male
10:17.1,flee from male
10:18.6,attack female
10:47.8,flee from male
10:53.2,flee from male
11:02.1,flee from male
11:03.0,flee from male
11:07.4,flee from male
11:08.6,attack female
11:11.1,flee from male
11:28.6,flee from male
11:47.1,flee from male
12:18.5,attack female
12:29.9,flee from male
12:32.3,attack female
12:35.5,chase female
12:37.5,attack female
12:58.2,attack female
12:59.3,flee from female
13:01.8,flee from female
13:12.2,flee from male
13:13.0,flee from male
13:18.7,flee from female
13:19.7,attack female
13:39.2,attack female
13:44.0,flee from female
13:45.5,attack female
13:46.5,flee from male
13:48.0,flee from male
13:49.5,flee from male
13:50.3,flee from male
13:51.5,attack female
13:52.3,attack female
13:55.3,attack female
14:00.5,attack male
14:02.0,attack female
14:12.1,attack female
14:13.3,attack female
14:15.2,attack female
14:16.5,flee from male
14:18.8,flee from male
14:25.5,attack female
14:27.9,attack female
14:33.2,flee from male
14:34.2,attack female
14:36.1,flee from male
14:53.2,flee from male
15:08.0,attack female
15:20.0,attack female
15:20.8,attack female
15:27.4,flee from male
15:28.1,flee from male
15:50.7,attack female
15:57.1,attack female
15:59.5,flee from male
16:00.3,flee from male
16:01.3,flee from male
16:04.0,flee from male
16:05.5,flee from female
16:11.0,flee from male
16:30.2,flee from male
16:30.7,flee from male
16:31.8,flee from male
16:41.2,flee from male
16:52.2,flee from male
17:07.4,attack female
17:11.1,flee from male
17:12.9,flee from male
17:15.7,flee from male
17:41.2,flee from male
17:44.9,attack female
18:12.0,attack female
18:33.7,flee from male
18:35.6,attack female
19:09.2,attack female
19:19.2,flee from male
19:21.8,attack female
19:26.8,attack female
19:28.2,flee from male
19:29.9,chase female
19:34.4,attack female
19:42.0,attack female
20:10.0,attack female
20:15.6,attack female
20:25.8,flee from male
20:33.1,flee from male
20:41.2,flee from male
20:45.5,flee from male
20:53.2,attack female
20:55.5,attack female
21:00.0,chase female
21:01.7,attack female
21:10.5,flee from male
21:12.0,attack female
21:18.0,flee from male
21:19.9,attack female
22:08.4,flee from male
22:41.9,attack female
22:59.6,flee from male
23:00.8,attack female
23:07.1,attack female
23:30.7,flee from male
23:32.5,attack female
23:35.3,attack female
23:37.9,attack female
23:48.7,attack female
24:12.4,attack female
24:14.1,attack female
24:14.9,attack female
24:28.6,flee from male
24:32.9,attack female
24:36.2,flee from male
24:44.7,flee from male
24:53.5,attack female
25:04.5,attack female
25:12.8,flee from male
25:20.6,flee from male
25:37.3,attack female
25:59.2,attack female
26:13.2,attack female
26:20.9,attack female
26:39.5,chase female
26:41.4,attack female
26:41.5,chase female
27:42.6,attack female
27:49.7,attack female
27:50.9,attack female
27:55.5,attack female
27:59.0,attack female
28:22.6,attack female
28:25.6,attack female
28:40.7,flee from male
28:43.4,attack female
28:48.7,chase female
28:56.0,flee from male
29:00.3,attack female
29:04.1,flee from male
29:05.5,flee from male
29:16.6,attack female
29:21.4,attack female
29:24.6,flee from male
29:26.7,attack female
29:28.2,attack female
29:47.3,attack female
29:50.3,attack female
29:57.1,attack female
30:02.0,flee from male
30:03.0,flee from male
30:39.1,attack female
30:50.8,attack female
30:52.8,attack female
30:55.2,attack female
30:57.4,attack female
30:58.7,attack female
30:59.7,attack female
31:17.9,flee from male
31:18.7,flee from male
31:31.8,attack female
31:39.5,flee from male
31:49.4,attack female
32:11.9,flee from male
32:27.6,flee from male
32:55.4,flee from female
32:58.8,flee from male
32:59.8,attack female
33:08.2,flee from male
33:11.3,attack female
33:13.8,chase male
33:26.6,attack male
33:34.8,flee from male
33:40.0,attack female
33:48.4,chase female
34:05.9,attack female
34:58.1,attack female