Time,Behavior
56.15,flee from female
63.17,flee from female
81.429,flee from female
132.429,flee from female
144.678,flee from female
155.684,flee from female
176.434,flee from female
189.436,attack female
205.434,flee from female
260.436,flee from female
270.684,flee from female
272.436,attack female
377.186,flee from female
402.307,attack female
533.805,attack female
555.307,attack female
614.807,chase female
617.557,attack female
794.62,attack female
813.124,chase female
1051.87,attack female
1051.87,chase female
1065.618,attack female
1082.872,chase female
1093.374,attack female
1160.618,attack female
1163.618,attack female
1166.372,chase female
1244.12,chase female
1265.376,attack female
1265.376,chase female
1269.62,attack female
1438.582,chase female
1441.582,chase female
1445.582,attack female
1447.332,chase female
1458.332,attack female
1460.332,chase female
1488.58,chase female
1491.332,chase female
1529.578,chase female
1546.082,attack female
1581.332,chase female
1622.494,chase female
1659.832,chase female
1674.328,chase female
1703.082,chase female
1759.404,attack female
1774.156,chase female
1793.906,chase female
1800.154,attack female
1887.158,chase female
1904.404,chase female
1912.902,chase female
1952.654,chase female
1954.156,attack female
1959.656,attack female
2008.654,chase female
2013.904,chase female
2027.654,attack female
2035.156,chase female
2039.656,attack female
2058.904,attack female
2084.156,attack female
2088.906,chase female
2142.794,chase female
2183.292,attack female
2188.84,quiver at female
2192.544,chase female
2243.359,chase female
2275.609,attack female
2279.857,attack female
2301.855,chase female
2314.357,chase female
2326.107,chase female
2425.111,chase female
2497.611,chase female
2538.359,attack female
2561.614,chase female
2576.364,chase female
2619.111,attack female
2629.114,chase female
2750.614,attack female
2818.861,chase female
2842.753,chase female
2849.753,attack female
2871.255,chase female
2896.003,chase female
2900.253,chase female
2910.253,chase female
2942.505,attack female
2945.753,chase female
2950.258,attack female
2994.148,flee from female
3016.396,chase female
3025.646,chase female
3027.393,chase female
3068.646,attack female
3086.398,attack female
3092.393,attack female
3120.896,chase female
3143.901,attack female
3193.148,attack female
3233.646,chase female
3288.648,chase female
3315.648,chase female