﻿Time,Behavior
01:22.4,attack female
02:00.7,flee from female
02:01.2,flee from female
02:04.6,flee from female
02:13.9,flee from female
02:33.0,flee from female
02:34.8,flee from female
02:38.9,flee from female
02:39.8,flee from female
02:43.8,flee from female
02:54.5,flee from female
02:57.9,flee from female
03:13.1,flee from female
04:01.3,attack female
04:20.6,pot entry
04:22.4,pot exit
05:03.0,attack female
05:10.8,quiver at female
06:31.0,attack female
06:37.7,attack female
07:04.1,chase female
07:23.0,attack female
07:26.4,chase female
07:36.9,attack female
07:42.8,attack female
07:44.1,attack male
07:45.2,attack female
08:15.4,pot entry
08:19.9,pot exit
08:21.1,attack female
08:24.8,attack female
08:30.5,flee from female
08:35.6,attack female
08:44.7,attack female
08:45.6,attack female
08:58.6,attack female
09:01.8,lead swim
09:05.9,attack female
09:09.8,attack female
09:17.2,attack female
09:18.8,attack female
09:20.8,attack female
09:26.8,attack female
09:27.2,pot entry
09:30.4,pot exit
09:31.4,attack female
09:37.8,chase female
09:41.6,attack female
09:49.4,chase female
09:55.3,attack female
00:26.0,attack female
02:31.7,attack female
02:35.6,attack female
03:13.1,attack female
04:12.6,attack female
04:58.6,attack female
04:59.8,attack female
05:09.2,attack female
05:38.3,attack female
06:12.8,chase female
06:15.7,chase female
09:07.2,attack female
00:00.7,dig
00:01.9,dig
00:03.3,dig
00:05.0,dig
00:07.8,dig
00:09.1,dig
00:13.7,lead swim
00:20.6,dig
00:24.6,chase female
00:30.6,pot entry
00:33.0,pot exit
00:35.5,lead swim
00:38.8,lead swim
00:42.5,lateral display
00:46.4,attack female
00:48.1,attack female
00:52.0,chase female
00:53.8,attack female
01:12.2,dig
01:19.9,chase female
01:21.6,dig
01:23.8,dig
01:25.4,attack female
01:31.4,attack female
01:37.1,attack female
01:39.6,pot entry
01:41.3,pot exit
01:41.4,attack female
01:45.4,quiver at female
01:46.8,attack female
01:50.4,attack female
02:05.6,dig
02:07.0,dig
02:15.4,dig
02:18.1,dig
02:20.1,dig
02:35.4,attack female
02:38.8,chase female
02:41.2,chase female
02:45.6,pot entry
02:49.7,pot exit
02:49.9,attack female
03:06.9,attack female
03:09.0,dig
03:09.6,dig
03:10.7,dig
03:19.1,chase female
03:25.0,dig
03:26.6,pot entry
03:30.5,pot exit
03:34.0,attack female
03:41.5,lead swim
03:43.8,quiver at female
03:44.0,quiver at female
03:47.5,quiver at female
03:50.8,chase female
03:52.9,lead swim
03:55.2,quiver at female
04:01.4,chase female
04:13.8,dig
04:26.6,attack female
04:32.5,attack female
04:58.6,chase female
05:01.4,pot entry
05:08.4,pot exit
05:25.8,pot entry
05:27.4,pot exit
05:27.7,chase female
05:29.9,chase female
05:32.6,attack female
05:53.1,attack female
05:55.1,chase female
06:06.4,pot entry
06:10.4,pot exit
06:11.6,chase female
06:15.8,lead swim
06:38.1,attack female
07:32.2,chase female
07:33.8,attack female
07:39.5,dig
09:14.1,attack female