Time,Behavior
893.766,flee from female
918.795,flee from female
943.292,flee from female
951.297,flee from female
963.538,flee from female
993.793,flee from female
997.29,flee from female
1028.171,flee from female
1034.668,flee from female
1057.419,flee from female
1060.922,flee from female
1064.171,flee from female
1071.672,flee from female
1084.423,flee from female
1099.927,flee from female
1116.925,flee from female
1145.922,flee from female
1148.672,flee from female
1210.422,flee from female
1212.924,flee from female
1233.173,flee from female
1239.17,flee from female
1253.926,flee from female
1266.675,flee from female
1270.921,flee from female
1281.924,flee from female
1287.418,flee from female
1314.674,flee from female
1323.977,flee from female
1344.23,flee from female
1392.232,flee from female
1394.233,flee from female
1398.98,flee from female
1402.481,flee from female
1446.805,flee from female
1525.311,flee from female
1591.064,flee from female
1629.065,flee from female
1640.819,flee from female
1679.062,flee from female
1691.815,flee from female
1700.064,flee from female
1726.812,flee from female
1760.568,flee from female
1835.817,flee from female
1839.063,flee from female
1935.553,flee from female
1941.306,flee from female
1942.549,flee from female
1948.051,flee from female
1953.797,flee from female
1990.551,flee from female
1997.297,flee from female
2046.297,flee from female
2056.296,flee from female
2063.795,flee from female
2067.798,flee from female
2071.796,flee from female
2073.299,flee from female
2084.798,flee from female
2111.547,flee from female
2115.021,flee from female
2121.524,flee from female
2155.527,flee from female
2165.025,flee from female
2180.525,flee from female
2184.024,flee from female
2196.273,pot entry
2196.525,pot exit
2197.024,flee from female
2208.772,flee from female
2214.583,flee from female
2274.34,flee from female
2330.091,flee from female
2395.595,flee from female
2431.345,flee from female
2444.577,flee from female
2450.078,flee from female
2457.575,flee from female
2465.334,flee from female
2498.832,flee from female
2502.831,flee from female
2505.832,flee from female
2523.081,flee from female
2527.33,flee from female
2530.329,flee from female
2536.578,flee from female
2618.336,flee from female
2644.335,flee from female
2708.587,flee from female
2789.087,flee from female
2963.336,flee from female
2965.366,flee from female
2990.867,flee from female
2993.87,flee from female
3008.869,flee from female
3142.871,flee from female
3207.37,flee from female
3210.368,flee from female
3229.62,flee from female
3238.119,flee from female
3241.618,flee from female
3310.37,flee from female
3436.12,flee from female
3443.12,flee from female