Time,Behavior
101.161,flee from female
133.159,flee from female
234.159,flee from female
272.159,flee from female
347.409,attack female
384.909,chase female
449.411,chase female
542.662,chase female
591.408,chase female
621.161,attack female
621.413,flee from female
654.163,chase female
663.913,chase female
673.413,quiver at female
674.913,chase female
684.661,chase female
731.87,attack female
732.118,chase female
750.622,chase female
815.62,quiver at female
816.37,chase female
897.372,chase female
948.12,attack female
999.125,attack female
1044.143,attack female
1051.905,attack female
1062.875,chase female
1095.875,pot entry
1103.62,pot exit
1110.378,pot entry
1111.373,pot exit
1113.12,attack female
1119.373,pot entry
1121.62,pot exit
1124.62,pot entry
1131.623,attack female
1131.623,pot exit
1139.875,attack female
1152.37,pot entry
1162.375,pot exit
1182.625,pot entry
1194.121,pot exit
1194.873,attack female
1246.123,pot entry
1248.373,pot exit
1266.873,pot entry
1269.871,pot exit
1301.121,attack female
1303.371,chase female
1307.873,chase female
1323.871,attack female
1352.369,chase female
1371.623,pot entry
1380.371,pot exit
1430.83,flee from female
1436.082,pot entry
1438.328,pot exit
1485.83,chase female
1511.832,chase female
1602.082,attack female
1605.332,quiver at female
1686.832,attack female
1702.582,attack female
1710.83,attack female
1711.832,pot entry
1713.832,pot exit
1741.08,attack female
1744.832,attack female
1785.33,attack female
1788.332,attack female
1792.83,attack female
1811.83,attack female
1812.582,chase female
1816.83,pot entry
1820.832,pot exit
1829.332,attack female
1839.33,chase female
1843.082,attack female
1867.582,pot entry
1879.084,pot exit
1879.828,attack female
1883.582,chase female
1912.582,attack female
1935.83,quiver at female
1939.08,attack female
1960.334,attack female
1967.582,attack female
1987.082,attack female
2009.082,attack female
2021.332,quiver at female
2031.332,attack female
2033.83,pot entry
2037.582,attack female
2037.582,pot exit
2053.332,attack female
2063.83,attack female
2072.832,pot entry
2074.582,pot exit
2090.832,attack female
2121.832,attack female
2155.79,attack female
2159.042,pot entry
2161.04,pot exit
2177.792,chase female
2188.54,attack female
2199.792,attack female
2215.04,chase female
2228.542,attack female
2249.288,attack female
2255.04,attack female
2260.542,chase female
2277.292,attack female
2282.292,attack female
2290.29,chase female
2305.29,attack female
2320.792,attack female
2339.042,chase female
2341.79,pot entry
2342.542,pot exit
2343.29,chase female
2350.04,attack female
2358.54,chase female
2368.042,attack female
2385.29,attack female
2407.54,attack female
2410.792,quiver at female
2418.792,attack female
2424.542,chase female
2440.042,attack female
2464.371,circle
2465.629,attack female
2468.879,attack female
2477.879,attack female
2480.129,pot entry
2488.131,pot exit
2488.879,attack female
2495.146,pot entry
2495.896,pot exit
2496.408,chase female
2501.904,attack female
2509.658,pot entry
2512.656,pot exit
2513.406,attack female
2520.906,attack female
2528.652,attack female
2552.904,attack female
2567.656,pot entry
2572.404,pot exit
2595.906,chase female
2606.906,pot entry
2609.906,pot exit
2615.656,pot entry
2617.654,pot exit
2619.654,chase female
2628.154,pot entry
2636.154,pot exit
2636.406,attack female
2644.654,attack female
2647.406,pot entry
2647.654,pot exit
2672.406,attack female
2676.156,attack female
2680.654,attack female
2689.904,chase female
2698.656,pot entry
2700.406,pot exit
2743.902,attack female
2747.156,attack female
2781.656,attack female
2815.906,attack female
2820.906,attack female
2835.25,attack female
2841.25,attack female
2843,attack female
2885.5,attack female
2956.752,attack female
2977.5,attack female
2988.002,chase female
2989.002,attack female
3004.002,attack female
3015.5,attack female
3047.752,attack female
3049.752,attack female
3068.754,pot entry
3071.998,pot exit
3073.224,attack female
3082.486,attack female
3087.484,attack female
3098.734,attack female
3112.232,attack female
3120.236,attack female
3130.234,attack female
3150.234,chase female
3167.234,chase female
3184.734,attack female
3192.236,attack female
3204.488,pot entry
3210.986,pot exit
3216.234,attack female
3221.236,pot entry
3224.986,pot exit
3225.236,attack female
3239.736,pot entry
3246.236,pot exit
3246.986,attack female
3256.736,pot entry
3258.234,pot exit
3262.734,attack female
3286.736,pot entry
3294.984,pot exit
3295.484,attack female
3307.488,attack female
3327.488,attack female
3343.236,attack female
3348.986,attack female
3362.736,attack female
3369.234,attack female
3375.734,quiver at female
3379.486,attack female
3384.984,pot entry
3388.236,pot exit
3388.736,attack female
3396.984,attack female
3412.818,pot entry
3413.824,pot exit
3417.824,attack female
3420.326,attack female
3427.578,attack female
3429.328,attack female
3448.828,attack female
3451.076,attack female
3466.328,chase female
3476.576,attack female
3505.078,pot entry
3505.578,pot exit
3507.576,chase female
3515.576,pot entry
3519.824,pot exit
3523.828,attack female
3535.328,chase female
3565.462,attack female
3601.962,attack female
3627.96,attack female
3643.964,pot entry
3649.21,pot exit
3649.71,attack female
3665.71,attack female
3692.964,circle
3695.212,attack female
3707.462,attack female
3723.96,attack female
3726.21,attack female
3737.212,attack female
3739.962,attack female
3741.21,attack female
3744.71,pot entry
3751.712,pot exit
3754.71,attack female
3771.714,attack female