﻿Time,Behavior
00:26.6,flee from female
05:41.2,pot entry
05:44.5,pot exit
06:29.1,attack female
06:35.7,attack female
06:38.3,dig
06:42.2,pot entry
06:44.8,pot exit
06:51.3,dig
06:56.7,attack female
07:04.0,dig
07:39.6,attack female
07:59.5,attack female
09:42.3,dig
01:20.4,attack female
01:31.9,attack female
02:11.5,chase female
02:23.2,attack female
02:26.3,attack female
02:35.4,attack female
02:41.4,attack female
02:47.5,attack female
02:49.0,attack female
03:05.9,attack female
03:07.8,attack female
03:13.0,pot entry
03:16.2,pot exit
03:23.9,attack female
03:33.5,attack female
03:50.8,attack female
05:19.1,attack female
05:22.3,pot entry
05:27.8,pot exit
05:51.4,attack female
05:55.3,dig
06:11.1,dig
06:13.1,lead swim
07:00.5,attack female
07:57.5,attack female
08:04.0,attack female
08:17.8,dig
09:43.3,attack female
09:52.2,attack female
09:54.5,attack female
00:05.1,chase female
00:09.3,chase female
00:17.6,attack female
00:22.9,attack female
00:26.8,chase female
00:31.4,attack female
00:33.5,chase female
00:38.6,pot entry
00:48.0,pot exit
00:49.1,lead swim
00:54.6,attack female
00:55.2,attack female
00:59.5,attack female
01:01.5,pot entry
01:05.2,pot exit
01:05.9,chase female
01:07.1,chase female
01:13.9,pot entry
01:16.5,pot exit
01:16.6,chase female
01:18.2,chase female
01:20.6,chase female
01:23.0,pot entry
01:25.4,pot exit
01:25.5,attack female
01:28.3,pot entry
01:30.4,pot exit
01:30.5,attack female
01:36.2,attack female
01:38.4,pot entry
01:40.4,pot exit
01:40.7,chase female
01:43.8,chase female
01:45.0,pot entry
01:47.9,pot exit
01:48.5,chase female
01:58.0,chase female
02:00.1,pot entry
02:02.6,pot exit
02:03.7,attack female
02:06.2,attack female
02:10.9,attack female
02:15.0,attack female
02:19.7,quiver at female
02:30.9,attack female
02:32.7,attack female
02:36.1,pot entry
02:37.2,pot exit
02:37.9,attack female
02:43.5,attack female
02:44.4,attack female
02:47.7,pot entry
02:48.8,pot exit
02:49.9,attack female
02:50.7,attack female
02:53.2,pot entry
02:53.7,pot exit
03:02.6,pot entry
03:06.7,pot exit
03:07.4,lead swim
03:11.3,chase female
03:14.5,pot entry
03:17.3,pot exit
03:17.9,lead swim
03:34.9,attack female
03:44.0,attack female
03:46.4,attack female
03:48.3,pot entry
03:50.1,pot exit
03:50.8,attack female
03:51.4,quiver at female
03:56.2,attack female
04:00.2,pot entry
04:05.2,pot exit
04:06.2,quiver at female
04:08.2,attack female
04:10.5,attack female
04:15.2,attack female
04:22.2,attack female
04:27.2,attack female
04:28.6,attack female
04:32.5,chase female
04:40.5,attack female
04:47.8,pot entry
04:48.4,pot exit
04:55.8,attack female
04:58.0,pot entry
05:05.5,pot exit
05:09.2,chase female
05:10.7,lead swim
05:12.3,pot entry
05:18.6,pot exit
05:18.8,chase female
05:38.0,attack female
05:47.9,pot entry
05:53.0,pot exit
05:53.1,chase female
06:07.1,chase female
06:09.5,pot entry
06:11.1,pot exit
06:12.0,chase female
06:15.2,pot entry
06:23.0,pot exit
06:23.1,chase female
06:28.7,attack female
06:36.4,pot entry
06:38.8,pot exit
06:40.8,attack female
06:43.3,quiver at female
06:46.9,attack female
06:53.2,lead swim
06:55.1,lead swim
06:57.4,lead swim
06:59.8,attack female
07:02.7,attack female
07:07.4,attack female
07:10.0,attack female
07:12.4,attack female
07:22.6,attack female
07:26.7,lead swim
07:29.8,pot entry
07:35.5,pot exit
07:35.7,chase female
07:38.7,quiver at female
07:40.6,pot entry
07:41.2,pot exit
07:41.6,attack female
07:49.9,chase female
07:52.8,pot entry
07:56.8,pot exit
07:56.9,chase female
08:01.2,attack female
08:06.7,attack female
08:13.4,quiver at female
08:16.5,lead swim
08:19.1,attack female
08:23.5,pot entry
08:28.9,pot exit
08:29.5,quiver at female
08:33.7,attack female
08:37.7,chase female
08:42.5,pot entry
08:49.1,pot exit
08:49.4,lead swim
08:50.5,attack female
08:53.7,lead swim
08:57.1,pot entry
09:17.3,pot exit
09:17.4,attack female
09:20.3,pot entry
09:26.6,pot exit
09:26.7,chase female
09:29.3,lead swim
09:31.8,pot entry
09:51.3,pot exit
09:51.7,lead swim
09:53.9,attack female
09:55.2,attack female
09:56.2,attack female
10:00.0,pot entry
10:27.7,pot exit