﻿Time,Behavior
01:43.7,flee from female
01:46.4,flee from female
03:10.4,pot entry
03:12.8,pot exit
03:43.5,dig
04:06.5,dig
04:07.5,flee from female
04:22.7,flee from female
04:27.4,dig
04:32.2,pot entry
04:39.5,pot exit
05:17.0,dig
05:23.2,dig
05:37.7,dig
05:39.6,dig
05:57.6,pot entry
06:00.7,pot exit
06:06.8,dig
06:10.3,dig
08:24.0,dig
08:40.7,dig
08:43.7,pot entry
08:46.8,pot exit
08:52.9,dig
09:19.9,dig
00:01.1,chase female
00:04.1,attack female
00:36.2,attack female
00:40.0,dig
00:41.8,attack female
00:45.3,dig
00:47.1,dig
01:04.4,dig
01:59.5,attack female
02:01.2,attack female
02:10.0,pot entry
02:12.6,pot exit
02:14.3,chase female
02:27.0,dig
02:29.1,dig
03:51.5,dig
04:17.0,pot entry
04:47.7,pot exit
05:03.1,attack female
05:05.8,dig
05:20.4,pot entry
05:26.3,pot exit
05:32.3,pot entry
05:41.2,pot exit
06:12.9,dig
06:41.5,pot entry
06:44.7,pot exit
06:45.5,attack female
06:56.2,attack female
07:32.4,dig
07:35.2,dig
09:53.9,attack female
00:35.6,dig
00:49.5,dig
00:55.3,attack female
01:01.8,pot entry
01:22.1,pot exit
01:22.3,attack female
01:26.8,dig
01:30.6,dig
01:34.1,dig
01:39.2,dig
01:44.4,dig
01:50.1,dig
01:54.6,dig
02:00.0,dig
02:37.9,attack female
02:40.1,dig
02:47.5,dig
02:53.7,dig
02:58.0,attack female
02:59.0,attack female
03:07.8,dig
03:10.8,dig
03:15.7,dig
03:18.6,dig
03:28.7,dig
04:15.4,attack female
04:18.3,dig
04:22.9,dig
04:42.6,pot entry
04:52.9,pot exit
04:52.9,attack female
04:57.5,dig
05:30.7,dig
05:33.8,dig
05:35.5,dig
05:40.1,dig
05:43.8,dig
05:49.4,dig
05:51.2,pot entry
05:53.4,pot exit
05:53.4,chase female
06:03.6,dig
06:13.5,dig
06:18.1,dig
06:23.4,chase female
06:35.7,attack female
06:43.7,pot entry
06:59.4,pot exit
07:02.1,dig
07:06.7,dig
07:17.4,pot entry
07:18.3,pot exit
07:18.4,chase female
07:22.5,dig
07:29.9,dig
07:39.3,attack female
07:52.6,attack female
07:54.9,attack female
08:31.2,dig
08:51.3,dig
08:57.1,attack female
09:43.9,dig