﻿Time,Behavior
00:04.7,pot entry
01:20.8,pot exit
01:29.9,pot entry
01:37.4,pot exit
03:59.6,pot entry
04:01.3,pot exit
04:05.5,attack female
04:55.3,attack female
06:28.0,attack female
06:45.7,attack female
06:48.0,attack female
06:49.0,attack female
06:54.3,quiver at female
06:57.0,chase female
07:03.6,attack female
07:08.0,chase female
07:11.5,attack female
07:14.0,attack female
07:19.9,attack female
07:25.8,attack female
07:29.0,attack female
07:34.6,attack female
07:39.2,attack female
07:41.6,attack female
07:42.8,attack female
07:45.7,attack female
07:52.4,attack female
07:55.8,attack female
07:57.7,chase female
08:06.0,attack female
08:06.6,attack female
08:08.2,attack female
08:14.8,attack female
08:25.8,attack female
08:42.2,chase female
08:49.4,attack female
08:52.2,attack female
09:01.9,chase female
09:06.4,attack female
09:13.6,attack female
09:14.4,attack female
09:21.3,attack female
09:23.1,attack female
09:25.5,chase female
09:29.4,chase female
09:37.8,pot entry
09:40.5,pot exit
09:47.4,attack female
09:55.7,attack female
09:56.8,chase female
10:00.0,chase female
00:02.2,chase female
00:08.4,pot entry
00:11.4,pot exit
00:12.8,attack female
00:16.4,chase female
00:21.6,chase female
00:25.3,chase female
00:29.1,attack female
00:37.4,attack female
00:45.6,dig
00:55.6,dig
00:57.8,attack female
01:08.2,attack female
01:11.3,chase female
01:17.8,attack female
01:18.7,attack female
01:21.8,dig
01:23.2,chase female
01:32.1,chase female
01:35.6,chase female
01:37.4,pot entry
01:39.8,pot exit
01:42.4,pot entry
01:45.6,pot exit
01:47.2,chase female
01:52.8,chase female
01:56.6,chase female
02:01.6,attack female
02:03.7,attack female
02:11.7,attack female
02:15.8,chase female
02:20.6,dig
02:22.0,dig
02:23.7,dig
02:30.5,attack female
02:35.0,chase female
02:42.2,attack female
02:43.8,attack female
02:47.2,attack female
02:50.6,attack female
02:52.4,attack male
02:59.2,dig
03:04.8,attack female
03:05.6,attack female
03:07.5,attack female
03:08.6,attack female
03:16.6,attack female
03:18.2,chase female
03:20.4,chase female
03:21.4,attack female
03:25.8,pot entry
03:31.4,pot exit
03:32.1,attack female
03:37.3,chase female
03:40.3,attack female
03:43.5,attack female
03:48.2,dig
03:52.4,attack female
03:54.2,attack female
03:55.4,attack female
04:06.8,chase female
04:11.6,chase female
04:14.5,chase female
04:20.8,pot entry
04:25.8,pot exit
04:27.1,chase female
04:34.4,chase female
04:39.3,chase female
04:44.6,attack female
04:46.3,quiver at female
04:48.0,attack female
04:51.7,chase female
04:56.4,chase female
05:01.6,attack female
05:05.5,quiver at female
05:08.0,attack female
05:09.6,chase female
05:12.8,attack female
05:17.4,chase female
05:22.2,attack female
05:25.8,dig
05:28.4,dig
05:28.5,dig
05:29.8,attack female
05:35.6,attack female
05:38.0,attack female
05:43.1,dig
05:54.7,chase female
06:02.0,dig
06:08.5,chase female
06:14.0,chase female
06:17.2,chase female
06:20.7,attack female
06:25.1,pot entry
06:34.1,pot exit
06:35.6,attack female
06:36.4,attack female
06:40.6,attack female
06:42.5,attack male
06:45.4,chase female
06:52.1,chase female
06:54.6,pot entry
06:56.4,pot exit
06:57.4,chase female
06:59.9,chase female
07:08.6,chase female
07:13.1,chase female
07:23.8,chase female
07:26.3,chase female
07:29.7,chase female
07:31.7,chase female
07:35.6,chase female
07:37.2,chase female
07:46.2,chase female
07:48.5,attack female
07:50.4,attack female
07:58.2,chase female
08:00.7,chase female
08:01.6,attack female
08:02.6,attack female
08:05.8,pot entry
08:09.2,pot exit
08:17.0,lead swim
08:20.8,pot entry
08:24.4,pot exit
08:25.6,chase female
08:29.6,chase female
08:32.8,attack female
08:34.6,chase female
08:35.8,attack female
08:44.8,chase female
08:58.0,dig
09:01.0,attack female
09:03.9,attack female
09:06.3,attack female
09:10.2,attack female
09:12.5,attack female
09:17.0,attack male
09:22.4,pot entry
09:26.6,pot exit
09:27.2,chase female
09:30.1,attack female
09:35.5,pot entry
09:38.2,pot exit
09:38.8,attack female
09:40.2,attack female
09:43.4,chase female
09:47.6,chase female
09:50.8,pot entry
09:55.9,pot exit
09:58.3,attack female
00:00.7,attack female
00:08.6,attack female
00:09.8,attack female
00:11.5,attack female
00:21.7,attack female
00:24.6,attack female
00:27.4,attack female
00:32.3,dig
00:33.8,dig
00:37.4,dig
00:41.1,dig
00:44.6,dig
00:58.2,chase female
01:09.0,attack female
01:41.7,dig
01:47.3,chase female
01:52.4,pot entry
01:57.2,pot exit
02:00.8,chase female
02:03.8,chase female
02:12.4,attack female
02:15.5,dig
02:16.6,dig
02:18.4,dig
02:25.6,attack female
02:30.0,dig
02:47.5,lead swim
02:50.0,chase female
02:53.4,attack female
02:59.6,attack female
03:06.2,dig
03:09.7,attack female
03:14.0,pot entry
03:17.9,pot exit
03:19.0,chase female
03:23.2,chase female
03:27.7,chase female
03:30.2,attack female
03:34.0,attack female
03:38.1,chase female
03:40.5,chase female
03:45.6,chase female
03:51.4,chase female
03:52.4,attack female
03:56.2,chase female
04:00.3,chase female
04:02.6,pot entry
04:04.9,pot exit
04:08.9,attack female
04:10.2,chase female
04:24.5,dig
04:28.0,attack female
04:35.8,chase female
04:39.2,dig
04:40.3,attack female
04:54.0,attack female
04:57.4,chase female
05:03.2,chase female
05:07.1,chase female
05:11.1,dig
05:17.4,dig
05:21.4,dig
05:25.1,chase female
05:31.3,dig
05:33.0,dig
05:35.0,dig
05:37.2,dig
05:45.6,dig
05:48.2,attack female
05:53.4,chase female
06:00.1,pot entry
06:05.6,pot exit
06:07.4,chase female
06:09.1,attack female
06:12.6,dig
06:15.2,attack female
06:28.2,chase female
06:34.3,dig
06:35.8,dig
06:39.4,attack female
06:41.4,attack female
06:44.2,attack female
06:45.6,attack female
06:46.6,attack female
06:59.5,dig
07:00.6,dig
07:02.7,attack female
07:09.6,attack female
07:13.3,dig
07:14.0,pot entry
07:16.6,pot exit
07:17.4,attack female
07:21.3,attack female
07:22.5,attack female
07:31.3,pot entry
07:36.5,pot exit
07:39.9,attack female
07:44.5,attack female
07:48.1,attack female
07:49.7,attack female
07:50.7,attack female
07:51.8,attack female
07:52.4,attack female
07:58.9,pot entry
08:02.2,pot exit
08:03.0,chase female
08:04.0,chase female
08:08.2,attack female
08:12.1,attack female
08:16.3,dig
08:22.0,attack female
08:23.8,attack female
08:28.6,dig
08:31.9,chase female
08:37.2,dig
08:39.7,dig
08:43.0,dig
08:44.1,dig
08:57.9,quiver at female
08:59.5,chase female
09:01.6,chase female
09:03.2,chase female
09:03.6,attack female
09:10.9,dig
09:13.8,dig
09:15.4,dig
09:21.3,chase female
09:23.4,chase female
09:26.6,attack female
09:27.5,attack female
09:32.4,attack male
09:40.2,pot entry
09:41.2,pot exit
09:42.2,chase female
09:45.8,dig
09:53.4,pot entry
09:57.6,pot exit
10:01.8,chase female