﻿Time,Behavior
01:13.0,flee from female
01:36.5,flee from female
01:37.2,flee from female
01:42.2,flee from female
01:43.0,flee from female
01:44.3,flee from female
01:45.5,flee from female
01:49.8,flee from female
02:11.8,flee from female
02:15.2,flee from female
02:19.8,flee from female
02:22.0,flee from female
02:35.1,flee from female
02:37.2,flee from female
02:41.9,flee from female
02:42.5,flee from female
02:44.6,flee from female
03:10.6,flee from female
03:12.0,flee from female
03:12.6,flee from female
03:18.8,flee from female
03:20.4,flee from female
03:46.6,flee from female
03:48.2,flee from female
03:49.8,flee from female
03:52.9,flee from female
04:12.2,attack female
04:13.0,attack female
04:13.7,flee from female
04:22.9,flee from female
04:31.6,flee from female
04:40.3,flee from female
04:41.4,flee from female
04:42.8,flee from female
04:46.4,attack female
04:48.2,attack female
04:51.5,attack female
04:52.7,flee from female
05:01.6,flee from female
05:22.4,flee from female
05:26.0,flee from female
05:51.8,attack female
05:53.1,attack female
05:54.7,flee from female
06:05.5,attack female
06:08.9,attack female
06:14.5,flee from female
06:22.4,attack female
06:31.3,flee from female
06:33.1,flee from female
06:36.0,flee from female
06:42.1,attack female
06:54.8,flee from female
07:04.7,flee from female
07:10.1,flee from female
07:15.6,attack male
07:25.3,flee from female
07:26.2,attack female
07:33.9,flee from female
07:34.9,attack female
07:40.0,attack female
07:40.9,attack female
07:48.6,flee from female
07:55.7,attack female
07:57.9,flee from female
08:04.0,attack female
08:10.3,flee from female
08:19.7,attack female
08:23.2,attack female
08:32.3,flee from female
08:36.3,attack female
08:39.8,attack female
08:42.3,attack female
08:45.7,attack female
08:49.5,attack female
08:52.1,flee from female
09:00.3,flee from female
09:02.9,quiver at female
09:07.9,flee from female
09:13.8,flee from female
09:15.0,flee from female
09:16.9,attack female
09:18.7,flee from female
09:19.7,attack female
09:22.9,attack female
09:23.8,attack female
09:28.9,attack female
09:30.6,flee from female
09:33.3,attack female
09:34.8,quiver at female
09:36.6,flee from female
09:38.1,attack female
09:41.7,chase female
09:43.7,attack female
09:46.5,flee from female
09:48.2,flee from female
09:49.5,attack female
09:50.7,flee from female
09:52.9,attack female
09:53.8,attack female
09:55.0,attack female
09:57.1,attack female
00:01.3,attack female
00:03.5,pot entry
00:09.0,pot exit
00:11.7,chase female
00:12.9,attack female
00:16.6,attack female
00:19.1,attack female
00:23.2,lead swim
00:24.5,attack female
00:25.3,pot entry
00:30.6,pot exit
00:30.8,attack female
00:32.2,attack female
00:36.6,lead swim
00:38.2,pot entry
00:38.8,pot exit
00:39.0,attack female
00:39.8,lead swim
00:42.7,attack female
00:44.8,lead swim
00:45.6,pot entry
00:57.9,pot exit
00:58.2,lead swim
01:02.2,lead swim
01:03.2,pot entry
01:08.0,pot exit
01:10.0,attack female
01:12.6,attack male
01:19.1,pot entry
01:26.5,pot exit
01:27.4,attack female
01:29.0,pot entry
01:36.8,pot exit
01:39.6,attack female
01:43.0,chase female
01:44.6,attack female
01:46.0,attack female
01:47.4,attack female
01:49.7,pot entry
02:00.4,pot exit
02:00.8,attack female
02:04.0,attack female
02:05.8,attack female
02:09.1,lead swim
02:11.6,pot entry
02:14.6,pot exit
02:15.2,lead swim
02:16.2,pot entry
02:18.7,pot exit
02:19.5,chase female
02:21.4,quiver at female
02:22.4,attack female
02:23.8,attack female
02:26.8,attack female
02:28.6,quiver at female
02:30.6,chase female
02:33.5,attack female
02:40.4,chase female
02:41.9,attack female
02:43.2,attack female
02:44.6,attack female
02:46.8,attack female
02:47.7,pot entry
02:50.6,pot exit
02:52.4,quiver at female
02:56.5,pot entry
03:02.0,pot exit
03:03.6,attack female
03:06.1,attack female
03:07.4,attack female
03:08.3,pot entry
03:09.7,pot exit
03:09.9,lead swim
03:11.3,attack female
03:12.5,attack female
03:16.1,pot entry
03:18.5,pot exit
03:19.0,lead swim
03:20.1,pot entry
03:21.4,pot exit
03:24.5,chase female
03:29.8,lead swim
03:31.6,attack female
03:34.8,pot entry
03:42.6,pot exit
03:43.2,lead swim
03:43.9,pot entry
03:45.8,pot exit
03:47.4,lead swim
03:48.2,pot entry
03:57.8,pot exit
03:58.0,attack female
03:59.7,attack female
04:02.2,lead swim
04:02.9,attack female
04:04.2,chase female
04:09.6,lead swim
04:11.6,lead swim
04:15.9,chase female
04:18.0,pot entry
04:19.3,pot exit
04:22.9,attack female
04:23.8,attack female
04:24.2,pot entry
04:29.1,pot exit
04:29.2,attack female
04:32.9,attack female
04:39.2,attack female
04:40.8,lead swim
04:41.6,pot entry
04:41.9,pot exit
04:42.6,lead swim
04:43.7,pot entry
04:57.5,pot exit
04:58.9,attack female
05:02.0,lead swim
05:03.3,lead swim
05:06.7,lead swim
05:07.5,pot entry
05:14.8,pot exit
05:15.1,lead swim
05:16.9,attack female
05:18.8,attack female
05:18.9,lead swim
05:19.9,lead swim
05:22.1,lead swim
05:23.1,pot entry
05:26.6,pot exit
05:27.1,lead swim
05:28.4,lead swim
05:31.3,lead swim
05:32.9,pot entry
05:33.5,pot exit
05:34.3,lead swim
05:37.2,pot entry
05:37.4,pot exit
05:38.8,lead swim
05:39.8,pot entry
05:57.8,pot exit
05:58.1,lead swim
06:00.9,lead swim
06:02.0,pot entry
06:12.0,pot exit
06:14.2,lead swim
06:18.6,attack female
06:20.8,lead swim
06:24.8,lead swim
06:28.8,lead swim
06:31.0,attack female
06:32.5,pot entry
06:35.0,pot exit
06:35.8,lead swim
06:37.2,pot entry
06:39.3,pot exit
06:39.5,lead swim
06:41.6,lead swim
06:45.0,lead swim
06:46.4,attack female
06:47.4,chase female
06:50.2,lead swim
06:52.9,lead swim
06:54.8,attack female
06:59.2,lead swim
06:59.6,attack male
07:01.3,pot entry
07:02.1,pot exit
07:02.2,attack female
07:03.7,attack female
07:06.0,pot entry
07:07.2,pot exit
07:07.8,lead swim
07:08.9,lead swim
07:10.1,pot entry
07:11.0,pot exit
07:11.4,attack female
07:14.0,pot entry
07:23.1,pot exit
07:24.0,quiver at female
07:26.9,attack female
07:28.0,chase female
07:32.0,lead swim
07:34.2,lead swim
07:35.4,pot entry
07:39.0,pot exit
07:39.4,attack female
07:40.4,attack female
07:42.8,attack female
07:44.2,lead swim
07:47.3,lead swim
07:50.5,lead swim
07:52.8,attack female
08:02.0,attack female
08:04.0,attack female
08:06.6,pot entry
08:07.2,pot exit
08:08.6,chase female
08:10.7,pot entry
08:11.9,pot exit
08:12.3,chase female
08:14.4,pot entry
08:29.7,pot exit
08:30.1,attack female
08:33.5,attack female
08:35.9,pot entry
08:44.3,pot exit
08:44.8,attack female
08:46.3,lead swim
08:47.2,chase female
08:51.0,attack female
08:51.9,chase female
08:56.6,attack female
08:58.4,attack female
08:59.5,attack female
09:03.3,lead swim
09:05.8,lead swim
09:09.7,attack female
09:13.1,attack female
09:15.7,chase female
09:18.3,chase female
09:19.9,attack female
09:21.5,attack female
09:22.8,attack female
09:25.3,attack female
09:29.7,pot entry
09:31.5,pot exit
09:32.0,chase female
09:33.5,lead swim
09:34.8,attack female
09:37.0,lead swim
09:39.5,attack female
09:42.0,attack female
09:47.7,pot entry
09:50.3,pot exit
09:50.6,attack female
09:52.6,attack female
09:53.2,attack female
09:55.3,attack female
09:56.8,chase female
00:03.2,chase female
00:07.1,chase female
00:12.0,attack female
00:14.6,lead swim
00:16.6,attack female
00:24.2,pot entry
00:28.2,pot exit
00:36.9,chase female
00:40.8,lead swim
00:43.6,lead swim
00:45.7,lead swim
00:47.7,chase female
00:50.6,attack female
00:54.0,lead swim
00:55.5,chase female
00:59.0,dig
01:01.2,chase female
01:04.2,chase female
01:06.2,lead swim
01:08.9,lead swim
01:12.1,pot entry
01:15.8,pot exit
01:18.3,chase female
01:28.9,lead swim
01:30.6,lead swim
01:34.6,attack female
01:37.1,lead swim
01:42.4,pot entry
02:03.4,pot exit
02:05.1,chase female
02:09.4,lead swim
02:14.5,lead swim
02:19.0,attack female
02:22.2,attack female
02:23.1,pot entry
02:30.0,pot exit
02:30.4,attack female
02:32.0,chase female
02:37.2,lead swim
02:40.6,chase female
02:44.6,chase female
02:49.1,attack female
02:51.4,attack female
02:55.3,lead swim
03:00.3,pot entry
03:03.0,pot exit
03:03.2,lead swim
03:05.6,chase female
03:08.6,lead swim
03:10.8,lead swim
03:12.5,chase female
03:15.7,chase female
03:21.4,lead swim
03:22.4,pot entry
03:35.2,pot exit
03:35.6,lead swim
03:36.8,lead swim
03:39.1,pot entry
03:41.7,pot exit
03:44.6,pot entry
03:47.8,pot exit
03:48.7,lead swim
03:49.8,pot entry
04:00.9,pot exit
04:01.9,attack female
04:03.3,pot entry
04:12.2,pot exit
04:14.1,lead swim
04:18.1,pot entry
04:21.1,pot exit
04:30.8,chase female
04:32.3,pot entry
04:34.1,pot exit
04:38.1,lead swim
04:39.9,pot entry
04:50.3,pot exit
04:51.1,attack female
04:53.6,lead swim
04:56.9,chase female
04:58.6,pot entry
05:01.0,pot exit
05:04.8,lead swim
05:08.9,chase female
05:11.9,chase female
05:14.0,chase female
05:18.5,lead swim
05:21.9,lead swim
05:26.9,chase female
05:29.6,chase female
05:33.1,chase female
05:34.5,chase female
05:38.0,attack female
05:40.8,pot entry
05:42.8,pot exit
05:44.6,attack female
05:49.9,chase male
05:52.6,lead swim
05:56.4,pot entry
06:06.6,pot exit
06:07.9,lead swim
06:08.4,lead swim
06:12.2,lead swim
06:14.8,lead swim
06:16.4,lead swim
06:19.4,chase female
06:24.6,pot entry
06:28.6,pot exit
06:34.2,lead swim
06:36.5,chase female
06:38.6,pot entry
06:40.6,pot exit
06:42.9,chase female
06:44.8,attack female
06:46.4,lead swim
06:47.5,chase female
06:50.8,pot entry
06:55.5,pot exit
06:57.2,chase female
06:59.2,pot entry
07:02.2,pot exit
07:05.7,chase female
07:07.6,chase female
07:12.0,quiver at female
07:14.5,chase female
07:17.1,pot entry
07:17.6,pot exit
07:17.8,lead swim
07:21.7,pot entry
07:27.7,pot exit
07:28.7,lead swim
07:32.7,attack female
07:37.8,chase female
07:48.3,lead swim
07:50.7,pot entry
08:06.3,pot exit
08:08.0,lead swim
08:10.5,lead swim
08:11.5,attack female
08:14.9,lead swim
08:19.0,lead swim
08:25.3,pot entry
08:28.2,pot exit
08:28.9,chase female
08:30.2,chase female
08:32.7,pot entry
08:34.5,attack female
08:36.1,chase female
08:39.1,chase female
08:45.9,pot entry
08:48.5,pot exit
08:49.3,lead swim
08:50.5,chase female
08:54.3,lead swim
08:57.5,lead swim
09:01.3,chase female
09:05.5,pot entry
09:07.5,pot exit
09:08.5,chase female
09:14.7,lead swim
09:24.8,chase female
09:28.9,chase female
09:36.5,pot entry
09:41.1,pot exit
09:41.2,attack female
09:43.3,lead swim
09:47.4,chase female
09:51.6,chase female
09:59.6,pot entry
10:04.9,pot exit