Time,Behavior
201.864,attack female
233.617,chase female
245.623,attack female
325.608,attack female
384.113,chase female
425.626,chase female
528.611,attack female
556.362,chase female
577.368,chase female
619.861,attack female
635.596,chase female
666.861,chase female
778.935,chase female
786.423,chase female
889.423,pot entry
919.423,pot exit
934.416,chase female
1049.42,chase female
1121.423,attack female
1241.684,attack female
1255.928,flee from female
1307.94,attack female
1399.936,flee from female
1520.672,flee from female
1624.672,attack female
1752.408,chase female
1936.908,attack female
2232.77,attack female
2232.77,chase female
2532.298,chase female
2575.766,flee from female
2647.784,attack female
2742.555,attack female
2748.293,chase female
2771.037,flee from female
2886.037,chase female
2940.302,attack female
3056.802,chase female
3112.275,chase female
3238.019,attack female
3326.55,chase female
3407.028,attack female
3407.028,chase female
3500.032,chase female
3707.541,attack female
3737.555,chase female
4020.532,attack female
4037.807,attack female
4262.165,attack female
4342.66,chase female
4394.057,flee from female
4491.287,chase female
4736.493,attack female
4822.717,attack female
4827.462,flee from female
4921.202,chase female
4971.202,attack female
4971.202,chase female
5085.982,chase female
5107.482,attack female
5187.737,attack female
5345.707,chase female
5485.717,chase female
5505.707,attack female
5623.977,flee from female
5683.977,attack female