Time,Behavior
939.771,flee from female
967.267,flee from female
969.27,flee from female
971.267,flee from female
981.269,flee from female
992.019,flee from female
1011.636,flee from female
1023.416,flee from female
1029.664,flee from female
1120.019,flee from female
1130.769,flee from female
1175.023,flee from female
1186.275,flee from female
1285.341,flee from female
1347.595,flee from female
1353.342,flee from female
1356.344,flee from female
1392.588,flee from female
1423.594,flee from female
1430.094,flee from female
1437.343,flee from female
1441.34,flee from female
1470.345,flee from female
1486.343,flee from female
1488.089,flee from female
1527.336,attack female
1686.094,flee from female
1800.101,flee from female
1904.104,flee from female
1918.605,flee from female
1932.602,flee from female
1954.353,flee from female
1983.603,flee from female
2012.101,flee from female
2081.734,attack female
2120.773,flee from female
2283.026,attack female
2292.029,flee from female
2303.028,flee from female
2352.53,flee from female
2355.031,flee from female
2394.045,flee from female
2466.769,flee from female
2468.019,flee from female
2470.27,flee from female
2501.273,flee from female
2523.022,flee from female
2597.776,flee from female
2618.026,flee from female
2627.777,flee from female
2647.279,flee from female
2666.525,flee from female
2686.027,flee from female
2691.277,flee from female
2723.026,flee from female
2794.275,flee from female
2796.775,flee from female
2808.698,flee from female
2814.199,flee from female
2848.961,flee from female
2875.709,flee from female
2906.207,flee from female
2912.208,flee from female
2916.711,flee from female
2940.818,flee from female
2987.074,flee from female
2988.823,flee from female
2997.823,flee from female
3002.073,flee from female
3020.573,flee from female
3114.579,flee from female
3128.579,attack female
3177.326,flee from female
3180.082,flee from female
3188.839,flee from female
3223.838,flee from female
3225.839,flee from female
3290.59,flee from female
3298.339,flee from female
3312.085,flee from female
3351.327,flee from female
3474.336,flee from female
3476.588,flee from female
3482.87,flee from female
3501.363,flee from female