﻿Time,Behavior
00:08.7,pot entry
00:09.9,pot exit
02:15.9,flee from female
02:28.5,flee from female
02:44.3,attack female
02:45.4,flee from female
03:01.1,flee from female
03:16.0,flee from female
03:19.1,flee from female
03:24.9,attack female
04:04.9,flee from female
05:26.8,flee from female
05:33.0,flee from female
05:48.9,flee from female
07:03.2,flee from female
07:26.2,pot entry
07:28.4,pot exit
09:20.3,attack female
09:21.8,attack female
09:40.0,flee from female
09:47.0,flee from female
00:11.1,pot exit
00:12.3,lead swim
00:13.1,pot entry
00:17.8,pot exit
00:18.5,lead swim
00:19.6,pot entry
00:20.6,pot exit
00:20.8,chase female
00:24.7,attack female
00:26.2,pot entry
00:37.7,pot exit
00:42.0,pot entry
00:47.1,pot exit
00:50.6,pot entry
00:54.1,pot exit
00:54.6,lead swim
00:55.5,pot entry
00:57.9,pot exit
00:58.8,lead swim
00:59.3,pot entry
01:01.2,pot exit
01:02.1,lead swim
01:06.2,lead swim
01:08.4,lead swim
01:08.9,pot entry
01:10.7,pot exit
01:13.0,lead swim
01:16.2,chase female
01:29.5,pot entry
01:33.8,pot exit
01:35.2,lead swim
01:36.3,pot entry
01:37.2,pot exit
01:37.3,chase female
01:48.6,pot entry
01:49.9,pot exit
01:50.8,lead swim
01:51.0,pot entry
01:53.5,pot exit
01:57.9,pot entry
02:00.3,pot exit
02:02.8,lead swim
02:03.1,pot entry
02:09.5,pot exit
02:10.6,lead swim
02:11.1,pot entry
02:16.0,pot exit
02:17.0,dig
02:20.1,pot entry
02:24.0,pot exit
02:24.8,lead swim
02:29.3,pot entry
02:35.2,pot exit
02:42.7,pot entry
02:46.3,pot exit
02:49.2,lead swim
02:50.0,pot entry
02:55.1,pot exit
02:57.7,lead swim
02:58.5,chase female
03:05.2,lead swim
03:08.0,lead swim
03:10.4,lead swim
03:10.9,pot entry
03:12.9,pot exit
03:14.5,lead swim
03:18.4,quiver at female
03:19.5,lead swim
03:22.8,lead swim
03:23.4,pot entry
03:25.2,pot exit
03:30.4,lead swim
03:31.5,pot entry
03:33.0,pot exit
03:34.2,dig
03:43.1,dig
03:47.2,dig
03:49.5,pot entry
03:51.2,pot exit
03:54.0,dig
04:01.4,pot entry
04:08.1,pot exit
04:12.6,lead swim
04:12.6,pot entry
04:15.7,pot exit
04:18.6,lead swim
04:18.9,pot entry
04:25.0,pot exit
04:30.5,lead swim
04:34.3,lead swim
04:43.6,lead swim
04:59.6,dig
05:02.4,dig
05:05.5,pot entry
05:11.6,pot exit
05:17.7,lead swim
05:21.0,lead swim
05:21.5,pot entry
05:23.2,pot exit
05:24.4,pot entry
05:26.2,pot exit
05:37.9,dig
05:44.1,attack female
05:45.9,attack female
05:48.0,quiver at female
05:51.7,chase female
06:00.0,pot entry
06:01.9,pot exit
06:23.3,pot entry
06:25.8,pot exit
06:26.7,lead swim
06:27.2,pot entry
06:30.0,pot exit
06:35.6,pot entry
06:38.3,pot exit
06:38.5,dig
06:40.0,dig
06:55.4,flee from female
07:02.7,dig
07:05.4,pot entry
07:10.8,pot exit
07:18.7,dig
07:27.1,pot entry
07:30.5,pot exit
07:32.0,dig
07:38.1,dig
07:42.0,dig
07:58.7,pot entry
08:04.3,pot exit
08:10.6,pot entry
08:15.2,pot exit
08:18.4,pot entry
08:23.6,pot exit
08:27.0,lead swim
08:27.5,pot entry
08:37.8,pot exit
08:50.2,attack female
09:08.0,dig
09:11.1,dig
09:16.9,pot entry
09:22.6,pot exit
09:26.9,lead swim
09:44.6,pot entry
09:50.8,pot exit
10:00.6,lead swim
10:00.7,pot entry
10:05.7,pot exit
00:38.6,attack female
00:45.6,attack female
00:50.0,attack female
00:58.1,attack female
01:01.5,attack female
01:09.5,pot entry
01:12.2,pot exit
01:12.4,attack female
01:14.5,attack female
01:22.3,attack female
01:26.1,quiver at female
01:27.5,attack female
01:29.2,attack female
01:37.6,attack female
01:48.1,pot entry
02:00.7,pot exit
02:01.4,chase female
02:29.5,attack female
02:31.4,attack female
02:33.7,attack female
02:39.3,pot entry
02:41.1,pot exit
02:48.5,attack female
02:51.2,attack female
03:00.3,attack female
03:09.9,attack female
03:13.0,attack female
03:15.8,pot entry
03:18.1,pot exit
03:20.7,attack female
03:30.6,attack female
03:38.3,chase female
03:42.6,attack female
03:58.2,chase female
04:08.3,pot entry
04:08.9,pot exit
04:11.6,attack female
04:17.1,attack female
04:25.5,chase female
04:32.9,attack female
04:35.1,chase female
04:46.0,pot entry
04:47.2,pot exit
04:54.7,attack female
05:11.9,attack female
05:20.3,pot entry
05:22.8,pot exit
05:37.5,attack female
05:38.8,attack female
05:46.0,attack female
06:08.5,chase female
06:12.3,attack female
06:30.6,pot entry
06:42.4,pot exit
06:42.6,attack female
06:56.9,chase female
06:58.6,chase female
07:01.4,pot entry
07:07.2,pot exit
07:13.9,chase female
07:16.1,chase female
07:20.1,pot entry
07:26.3,pot exit
07:31.9,pot entry
07:38.9,pot exit
07:39.4,attack female
07:40.2,attack female
07:45.5,pot entry
07:49.5,pot exit
07:50.1,quiver at female
07:59.5,attack female
08:05.1,chase female
08:07.5,chase female
08:19.1,attack female
08:25.2,quiver at female
08:26.2,pot entry
08:34.7,pot exit
08:34.8,lead swim
08:51.5,pot entry
08:53.3,pot exit
08:53.5,lead swim
08:53.9,pot entry
09:01.0,pot exit
09:01.5,lead swim
09:07.4,attack female
09:09.0,attack female
09:18.9,pot entry
09:23.1,pot exit
09:23.4,attack female
09:27.0,pot entry
09:39.8,pot exit
09:40.3,attack female
09:47.2,attack female