Time,Behavior
857.501,flee from female
874.777,flee from female
885.279,flee from female
898.551,flee from female
904.797,flee from female
933.804,flee from female
963.056,flee from female
967.862,attack female
971.611,attack female
976.864,attack female
981.116,attack female
985.115,flee from female
986.115,quiver at female
992.366,attack female
1001.366,attack female
1025.867,flee from female
1032.866,flee from female
1039.366,attack female
1040.865,flee from female
1041.616,attack female
1043.112,flee from female
1051.616,attack female
1071.232,attack female
1072.982,flee from female
1076.982,attack female
1089.481,attack female
1090.732,attack female
1102.982,quiver at female
1107.979,attack female
1119.98,attack female
1133.482,quiver at female
1139.982,attack female
1159.068,attack female
1222.569,attack female
1242.319,attack female
1245.568,attack female
1257.568,quiver at female
1273.067,attack female
1275.32,attack female
1285.319,attack female
1290.569,attack female
1295.067,quiver at female
1301.319,attack female
1311.819,attack female
1313.069,attack female
1317.569,attack female
1319.57,attack female
1322.569,quiver at female
1325.57,flee from female
1329.068,attack female
1335.82,quiver at female
1341.751,quiver at female
1357.008,quiver at female
1378.259,attack female
1379.259,quiver at female
1401.507,flee from female
1403.008,attack female
1404.758,attack female
1408.758,attack female
1412.758,attack female
1415.007,flee from female
1416.757,flee from female
1527.187,flee from female
1561.943,attack female
1644.045,flee from female
1703.548,flee from female
1777.05,attack female
1799.799,flee from female
1801.55,flee from female
1819.8,flee from female
1842.546,flee from female
1848.301,flee from female
1852.05,flee from female
1857.799,flee from female
1884.301,attack female
1925.048,quiver at female
1963.3,attack female
1973.049,attack female
1998.049,quiver at female
2002.899,quiver at female
2007.406,quiver at female
2046.155,quiver at female
2066.904,attack female
2092.406,attack female
2122.542,attack female
2139.791,attack female
2151.04,flee from female
2152.791,attack female
2160.042,flee from female
2161.041,attack female
2162.791,attack female
2174.541,attack female
2175.785,attack female
2176.792,quiver at female
2178.542,attack female
2180.792,attack female
2188.042,attack female
2197.359,attack female
2198.361,attack female
2202.861,flee from female
2227.612,attack female
2323.86,flee from female
2330.612,attack female
2333.612,attack female
2334.613,chase female
2338.362,attack female
2343.359,quiver at female
2357.112,quiver at female
2360.113,attack female
2415.362,attack female
2417.11,attack female
2418.362,attack female
2436.112,attack female
2442.361,quiver at female
2483.61,quiver at female
2485.363,attack female
2486.611,attack female
2558.72,attack female
2561.473,chase female
2575.987,flee from female
2582.233,attack female
2653.238,attack female
2655.992,attack female
2673.238,quiver at female
2677.988,attack female
2690.988,attack female
2703.238,flee from female
2704.114,quiver at female
2704.869,attack female
2713.368,quiver at female
2714.869,attack female
2716.367,chase female
2717.37,attack female
2718.369,attack female
2721.622,attack female
2723.623,attack female
2724.617,attack female
2772.623,attack female
2774.621,attack female
2776.618,attack female
2781.12,attack female
2786.622,quiver at female
2786.868,attack female
2798.123,attack female
2807.87,attack female
2817.621,attack female
2819.122,chase female
2821.372,attack female
2832.115,attack female
2889.621,attack female
2891.874,attack female
2894.12,attack female
2931.622,attack female
2933.622,attack female
2935.124,attack female
2953.37,attack female
2964.871,attack female
2984.87,attack female
3001.12,attack female
3004.621,attack female
3010.372,chase female
3013.87,flee from female
3014.622,quiver at female
3014.87,attack female
3064.871,attack female
3090.121,attack female
3168.618,attack female
3170.871,attack female
3176.425,attack female
3178.612,attack female
3180.611,attack female
3207.611,attack female
3211.861,attack female
3212.611,chase female
3216.359,chase female
3248.861,flee from female
3271.862,attack female
3294.613,flee from female
3295.362,flee from female
3348.111,attack female
3360.861,attack female
3377.861,attack female
3378.862,chase female
3387.36,attack female
3391.86,attack female
3399.113,attack female
3404.111,flee from female
3420.113,attack female
3432.861,attack female
3433.861,chase female
3476.612,attack female
3478.611,flee from female
3480.362,quiver at female
3506.361,attack female
3508.36,chase female
3512.862,attack female
3551.861,attack female
3554.613,attack female
3562.609,attack female
3564.358,chase female
3566.86,quiver at female