Time,Behavior
898.294,flee from female
902.299,flee from female
904.799,flee from female
913.296,flee from female
930.547,flee from female
934.55,flee from female
944.799,flee from female
962.301,flee from female
979.05,flee from female
984.05,flee from female
996.55,flee from female
1000.049,flee from female
1009.801,flee from female
1018.801,chase female
1023.8,quiver at female
1033.549,quiver at female
1036.05,quiver at female
1039.799,flee from female
1042.301,attack female
1043.299,attack female
1044.801,quiver at female
1051.3,quiver at female
1059.979,flee from female
1063.979,flee from female
1070.476,chase female
1074.479,quiver at female
1075.979,chase female
1080.23,flee from female
1082.978,attack female
1084.48,quiver at female
1092.977,chase female
1094.729,quiver at female
1099.481,quiver at female
1113.73,attack female
1121.73,flee from female
1128.48,flee from female
1132.48,flee from female
1134.975,flee from female
1156.73,quiver at female
1169.728,attack female
1172.227,flee from female
1179.23,flee from female
1184.48,flee from female
1194.229,chase female
1198.98,chase female
1211.729,flee from female
1223.375,flee from female
1231.377,quiver at female
1238.628,quiver at female
1245.878,chase female
1246.629,quiver at female
1249.374,chase female
1252.376,quiver at female
1253.876,chase female
1258.627,quiver at female
1261.127,flee from female
1262.628,flee from female
1264.878,flee from female
1270.628,attack female
1287.877,quiver at female
1289.128,attack female
1307.876,flee from female
1315.876,flee from female
1353.126,flee from female
1368.877,quiver at female
1375.127,flee from female
1380.128,flee from female
1383.124,attack female
1385.627,chase female
1386.378,quiver at female
1398.627,quiver at female
1400.627,attack female
1404.128,quiver at female
1404.878,flee from female
1407.377,chase female
1414.877,flee from female
1422.627,flee from female
1431.84,flee from female
1440.089,quiver at female
1444.839,chase female
1449.589,quiver at female
1451.839,attack female
1459.589,quiver at female
1501.339,flee from female
1507.839,quiver at female
1538.338,chase female
1543.091,attack female
1573.339,quiver at female
1585.588,chase female
1602.589,flee from female
1616.59,chase female
1645.839,flee from female
1670.588,quiver at female
1677.339,flee from female
1693.34,quiver at female
1696.84,quiver at female
1711.624,chase female
1729.379,quiver at female
1731.876,quiver at female
1742.628,attack female
1744.877,attack female
1752.877,quiver at female
1764.126,quiver at female
1804.878,flee from female
1821.128,quiver at female
1845.377,flee from female
1853.378,chase female
1855.624,chase female
1938.878,flee from female
1984.628,flee from female
1988.878,flee from female
1995.879,flee from female
1998.627,flee from female
2001.128,flee from female
2008.628,flee from female
2012.628,flee from female
2026.128,quiver at female
2029.19,flee from female
2037.188,flee from female
2040.943,flee from female
2045.943,flee from female
2058.693,chase female
2066.192,quiver at female
2105.441,quiver at female
2116.193,quiver at female
2153.04,chase female
2163.04,attack female
2249.791,attack female
2297.938,flee from female
2423.94,flee from female
2466.441,flee from female
2472.941,quiver at female
2475.941,attack female
2477.441,attack female
2483.44,chase female
2519.441,attack female
2541.945,attack female
2573.945,attack female
2598.441,attack female
2728.616,quiver at female
2752.367,quiver at female
2771.617,flee from female
2849.366,chase female
2867.522,flee from female
2875.522,flee from female
2898.772,chase female
2923.772,attack female
2924.521,attack female
2938.772,attack female
2966.772,attack female
2975.019,attack female
3010.522,attack female
3023.773,chase female
3049.272,attack female
3147.022,chase female
3181.113,quiver at female
3185.362,chase female
3186.861,chase female
3211.112,attack female
3241.362,quiver at female
3297.112,flee from female
3298.862,flee from female
3313.111,attack female
3316.113,attack female
3325.613,quiver at female
3326.862,attack female
3333.111,quiver at female
3340.612,quiver at female
3355.612,attack female
3359.11,attack female
3361.113,attack female
3364.038,flee from female
3386.31,flee from female
3406.307,chase female
3434.309,attack female
3447.308,attack female
3448.558,attack female
3473.315,attack female
3507.815,quiver at female
3515.314,attack female
3535.314,attack female
3550.816,attack female
3558.316,flee from female
3572.816,chase female
3600.316,attack female