Time,Behavior
31.405,flee from female
36.903,flee from female
45.413,flee from female
75.41,flee from female
94.658,flee from female
281.159,flee from female
284.161,flee from female
291.159,flee from female
303.659,flee from female
343.661,flee from female
408.159,flee from female
550.913,flee from female
571.165,flee from female
721.667,attack female
724.665,flee from female
1538.53,flee from female
1664.279,flee from female
1802.176,chase female
1804.675,flee from male
1862.176,flee from female
1919.173,flee from female
2165.038,attack female
2484.288,flee from female
2755.539,flee from female
2886.455,flee from female
2888.457,flee from female
3040.559,flee from female
3357.611,flee from female
3619.1,attack female
3631.098,attack female