Time,Behavior
870.638,flee from female
884.39,flee from female
888.268,flee from female
907.773,flee from female
915.525,flee from female
926.525,flee from female
945.271,flee from female
946.274,flee from female
1031.024,flee from female
1038.519,flee from female
1040.769,flee from female
1046.023,flee from female
1062.482,flee from female
1064.979,flee from female
1067.731,flee from female
1073.482,flee from female
1078.231,flee from female
1085.232,flee from female
1098.983,flee from female
1106.232,flee from female
1107.982,flee from female
1175.483,flee from female
1181.232,flee from female
1184.726,flee from female
1190.982,flee from female
1197.482,flee from female
1208.479,flee from female
1225.483,flee from female
1227.481,flee from female
1230.983,flee from female
1286.482,flee from female
1289.232,flee from female
1302.979,flee from female
1310.731,flee from female
1312.23,flee from female
1333.482,attack female
1383.249,attack female
1403.251,quiver at female
1424.5,flee from female
1429.253,flee from female
1450.249,flee from female
1451.498,flee from female
1456.249,flee from female
1461.998,flee from female
1467.247,flee from female
1488.498,flee from female
1502.498,flee from female
1509.75,flee from female
1517.999,flee from female
1524.496,flee from female
1534.75,flee from female
1537.75,flee from female
1564.75,flee from female
1575.999,flee from female
1589.248,flee from female
1601.246,flee from female
1632.248,attack female
1646.499,flee from female
1665.748,flee from female
1666.999,flee from female
1667.749,flee from female
1731.248,flee from female
1737.748,flee from female
1739.249,flee from female
1744.998,flee from female
1759.499,flee from female
1800.249,flee from female
1803.75,flee from female
1821.499,flee from female
1852,flee from female
1875.75,flee from female
1887.249,flee from female
1888.5,quiver at female
1890.997,flee from female
1893.25,flee from female
1907.749,flee from female
1913.749,flee from female
1961.249,flee from female
2032.249,flee from female
2042.248,quiver at female
2046.994,flee from female
2060.25,flee from female
2061.248,flee from female
2119.291,flee from female
2125.542,flee from female
2128.539,flee from female
2134.043,attack female
2138.542,flee from female
2251.297,flee from female
2253.296,flee from female
2255.794,flee from female
2262.048,flee from female
2268.548,flee from female
2271.792,flee from female
2371.798,flee from female
2373.799,flee from female
2409.297,flee from female
2423.296,flee from female
2459.793,flee from female
2465.046,flee from female
2467.799,flee from female
2473.798,flee from female
2714.798,attack female
2727.549,flee from female
2814.796,flee from female
2816.546,flee from female
2830.05,flee from female
2839.796,flee from female
2846.546,flee from female
2853.047,flee from female
2857.048,flee from female
2868.548,flee from female
2873.545,flee from female
3052.8,flee from female
3054.543,flee from female
3067.297,flee from female
3088.796,flee from female
3093.547,flee from female
3102.298,flee from female
3107.045,flee from female
3111.547,flee from female
3195.362,flee from female
3200.618,flee from female
3221.866,flee from female
3308.117,flee from female
3318.867,flee from female
3331.117,attack female
3361.867,flee from female
3369.369,flee from female
3373.366,flee from female
3380.116,flee from female
3525.115,flee from female
3534.116,flee from female
3540.466,flee from female