Time,Behavior
47.159,flee from female
89.409,flee from female
96.161,flee from female
266.909,flee from female
273.659,flee from female
299.909,flee from female
332.407,chase female
380.909,chase female
396.157,chase female
414.159,attack female
420.909,chase female
428.659,attack female
428.659,chase female
437.159,chase female
472.409,flee from female
475.659,attack female
480.659,attack female
504.159,chase female
511.159,flee from female
517.909,chase female
522.407,flee from female
547.159,chase female
578.657,flee from female
596.659,flee from female
734.913,attack female
792.395,flee from female
808.147,chase female
830.147,flee from female
842.647,flee from female
854.647,flee from female
861.647,flee from female
870.397,flee from female
890.147,flee from female
897.647,flee from female
904.897,flee from female
916.397,flee from female
951.397,attack female
951.397,chase female
1003.647,attack female
1003.647,chase female
1092.726,chase female
1123.23,chase female
1161.98,attack female
1185.726,attack female
1196.478,flee from female
1215.978,chase female
1261.48,attack female
1316.478,flee from female
1351.976,flee from female
1413.728,chase female
1427.228,chase female
1495.728,chase female
1508.228,chase female
1513.73,chase female
1567.978,chase female
1579.48,chase female
1620.228,chase female
1677.726,flee from female
1689.228,attack female
1702.728,chase female
1718.228,chase female
1746.726,attack female
1770.48,flee from female
1776.976,chase female
1780.978,flee from female
1840.726,flee from female
1847.478,attack female
1861.48,chase female
1913.976,quiver at female
1918.23,flee from female
1938.978,flee from female
1972.728,attack female
2017.228,flee from female
2171.038,flee from female
2208.538,flee from female
2317.796,flee from female
2329.538,flee from female
2335.538,flee from female
2404.538,attack female
2463.288,chase female
2529.538,attack female
2532.788,chase female
2543.788,flee from female
2548.038,flee from female
2566.788,flee from female
2575.036,chase female
2596.538,flee from female
2630.788,flee from female
2642.29,flee from female
2684.788,flee from female
2754.541,flee from female
2775.041,flee from female
2814.038,flee from female
2898.038,flee from female
2934.288,flee from female
2943.788,flee from female
2977.038,flee from female
3095.539,flee from female
3200.61,flee from female
3254.858,flee from female
3277.11,attack female
3287.61,flee from female
3357.11,flee from female
3363.608,flee from female
3373.608,chase female
3377.86,attack female
3431.608,attack female
3458.858,flee from female
3512.108,flee from female
3550.608,flee from female
3569.608,flee from female
3581.861,flee from female
3775.361,quiver at female