Time,Behavior
898.272,flee from female
916.272,flee from female
959.11,flee from female
968.862,flee from female
997.375,flee from female
1012.623,flee from female
1039.127,flee from female
1047.127,flee from female
1064.624,flee from female
1076.118,flee from female
1111.247,flee from female
1180.251,flee from female
1196.748,flee from female
1208.999,flee from female
1215.243,attack female
1228.002,flee from female
1280.929,attack female
1285.683,attack female
1296.434,attack female
1300.436,flee from female
1307.433,flee from female
1342.687,flee from female
1386.039,flee from female
1398.039,flee from female
1453.325,flee from female
1473.873,flee from female
1483.876,flee from female
1485.375,flee from female
1501.13,flee from female
1525.633,flee from female
1562.377,flee from female
1588.382,flee from female
1677.131,flee from female
1772.656,flee from female
1855.751,flee from female
1918.257,flee from female
1923.511,attack female
1960.845,flee from female
1965.856,attack female
1974.106,flee from female
1977.106,flee from female
2078.483,flee from female
2323.795,flee from female
2371.046,flee from female
2391.799,flee from female
2395.303,attack female
2403.81,attack female
2463.81,flee from female
2638.811,flee from female
2642.807,attack female
2647.061,attack female
2650.558,flee from female
2653.059,attack female
2655.305,attack female
2658.808,flee from female
2663.309,flee from female
2702.308,flee from female
2711.557,attack female
2727.559,attack female
2795.558,flee from female
2887.501,attack female
2913.257,flee from female
2914.502,flee from female
2971.753,attack female
2972.753,flee from female
3000.504,flee from female
3013.757,flee from female
3017.753,flee from female
3027.008,flee from female
3140.748,flee from female
3155.499,flee from female
3161.747,flee from female
3164.246,flee from female
3173.747,flee from female
3180.998,flee from female
3183.501,flee from female
3199.5,flee from female
3265.247,flee from female
3343.252,flee from female
3350.994,flee from female
3366.778,flee from female
3379.528,attack female
3458.279,flee from female
3492.775,flee from female
3522.529,flee from female
3545.715,flee from female