Time,Behavior
302.456,chase female
373.77,chase female
428.081,quiver at female
432.082,chase female
483.389,chase female
565.883,chase female
584.235,flee from female
608.263,flee from female
627.506,flee from female
637.282,flee from female
640.787,flee from female
644.788,flee from female
657.787,flee from female
663.281,chase female
699.604,pot entry
700.601,pot exit
717.102,flee from female
814.101,flee from female
866.853,chase female
880.862,chase female
884.361,flee from female
956.855,flee from female
1035.103,chase female
1061.988,flee from female
1068.972,chase female
1134.546,flee from female
1143.546,chase female
1205.792,chase female
1217.794,flee from female
1226.056,pot entry
1235.792,pot exit
1236.792,flee from female
1262.292,chase female
1263.542,flee from female
1269.542,pot entry
1277.042,pot exit
1319.796,pot entry
1324.292,pot exit
1329.046,pot entry
1335.542,pot exit
1337.042,flee from female
1347.298,chase female
1363.292,flee from female
1371.29,chase female
1419.046,flee from female
1432.546,pot entry
1446.296,pot exit
1494.296,pot entry
1497.542,pot exit
1510.036,flee from female
1525.288,flee from female
1557.038,flee from female
1579.048,pot entry
1581.294,pot exit
1597.255,flee from female
1626.251,chase female
1640.811,flee from female
1649.305,chase female
1668.059,chase female
1673.059,flee from female
1679.559,chase female
1740.059,pot entry
1743.801,pot exit
1795.309,chase female
1816.807,flee from female
1898.307,flee from female
1901.053,chase female
1935.787,chase female
1936.309,flee from female
2002.859,chase female
2126.786,pot entry
2134.042,pot exit
2137.288,chase female
2225.29,chase female
2263.287,pot entry
2294.052,pot exit
2306.04,pot entry
2324.791,pot exit
2345.038,flee from female
2375.783,flee from female
2396.791,chase female
2407.788,flee from female
2486.536,pot entry
2491.794,pot exit
2596.795,flee from female
2624.299,pot entry
2628.035,pot exit
2649.287,flee from female
2671.041,pot entry
2704.795,pot exit
2706.299,chase female
2740.795,chase female
2770.81,flee from female
2942.047,chase female
2993.044,chase female
3151.046,chase female
3195.614,chase female
3256.365,flee from female
3293.617,flee from female
3362.614,chase female
3412.116,flee from female
3524.371,chase female
3555.611,pot entry
3561.116,pot exit
3598.855,pot entry
3641.614,pot exit
3642.62,flee from female
3661.614,chase female
3683.602,chase female
3746.91,chase female
3746.91,flee from female
3755.667,attack female
3860.922,chase female
4005.916,flee from female
4063.171,flee from female
4161.171,flee from female
4169.928,pot entry
4195.919,pot exit
4293.93,pot entry
4296.671,pot exit
4338.689,flee from female
4351.428,pot entry
4369.924,pot exit
4371.915,flee from female
4429.173,flee from female
4439.173,flee from female
4475.683,flee from female
4600.665,pot entry
4699.671,pot exit
4706.668,chase female
4784.176,chase female
4841.173,flee from female
4858.422,chase female
5261.697,flee from female
5302.494,flee from female
5558.491,flee from female