﻿Time,Behavior
00:10.6,pot entry
00:36.3,pot exit
00:41.6,flee from female
01:26.9,flee from female
03:09.9,flee from female
04:02.3,attack female
04:07.0,attack female
04:29.1,attack female
04:31.7,attack female
04:33.0,attack female
04:41.1,attack female
04:50.8,attack female
05:55.4,attack female
06:03.6,attack female
06:04.8,attack female
06:41.8,quiver at female
06:43.4,attack female
07:21.3,attack female
07:38.5,attack female
07:40.2,chase female
07:43.7,chase female
07:49.4,attack female
07:52.5,attack female
07:55.2,attack female
07:58.5,attack female
08:10.3,chase female
08:48.7,quiver at female
08:50.1,attack female
08:53.6,chase female
09:03.4,chase female
09:10.6,attack female
09:13.0,attack female
09:15.8,quiver at female
09:22.5,chase female
09:32.5,attack female
09:44.9,attack female
10:00.4,attack female
00:04.5,pot entry
00:15.2,pot exit
00:15.3,attack female
00:17.7,attack female
00:21.8,attack female
00:26.1,attack male
00:28.8,pot entry
00:34.4,pot exit
00:35.9,attack female
00:39.9,attack female
00:42.1,pot entry
01:03.9,pot exit
01:04.0,lead swim
01:05.9,lead swim
01:23.9,attack female
01:27.7,attack female
01:31.1,attack female
01:46.2,attack female
01:48.5,pot entry
01:50.5,pot exit
01:51.1,attack female
01:53.6,attack female
02:19.9,pot entry
02:31.9,pot exit
03:00.3,chase female
03:08.5,pot entry
03:13.8,pot exit
03:13.9,attack female
03:16.9,pot entry
03:33.2,pot exit
03:33.3,attack female
03:33.5,pot entry
03:38.8,pot exit
03:40.2,attack female
03:48.5,attack female
03:50.1,attack female
04:02.1,chase female
04:09.8,attack female
04:40.2,pot entry
04:45.9,pot exit
04:47.5,attack female
04:53.4,attack female
04:56.0,chase female
05:02.7,pot entry
05:16.9,pot exit
05:17.1,attack female
05:18.8,attack female
05:22.3,pot entry
05:23.9,pot exit
05:24.2,attack female
05:25.7,chase female
05:30.7,attack female
05:33.6,attack female
05:38.3,attack female
05:39.9,attack female
05:41.9,attack female
05:47.1,attack female
05:52.6,attack female
06:18.7,chase female
06:33.1,attack female
06:42.3,attack female
06:44.7,attack female
06:58.7,pot entry
07:02.3,pot exit
07:02.7,attack female
07:05.7,pot entry
07:32.9,pot exit
07:33.2,attack female
07:34.5,attack female
07:40.9,attack female
07:42.8,attack female
07:45.0,attack female
07:47.4,pot entry
08:08.1,pot exit
08:08.2,attack female
08:10.6,pot entry
08:34.7,pot exit
08:37.6,attack female
08:40.9,pot entry
08:43.1,pot exit
08:43.4,chase female
08:47.3,pot entry
08:52.8,pot exit
08:54.4,pot entry
08:59.2,pot exit
08:59.5,attack female
09:01.7,attack female
09:04.0,attack female
09:31.6,chase female
09:35.0,attack female
09:37.5,pot entry
09:43.3,pot exit
09:44.2,attack female
09:48.8,attack female
09:54.8,chase female
00:04.2,attack female
00:13.0,chase female
00:27.2,pot entry
00:33.5,pot exit
00:33.8,attack female
00:37.0,attack female
00:47.5,attack female
00:49.6,attack female
01:01.1,attack female
01:03.5,pot entry
01:17.0,pot exit
01:17.3,attack female
01:18.2,chase female
01:22.9,pot entry
01:25.7,pot exit
01:28.8,attack female
01:39.8,attack female
01:49.5,attack female
01:59.5,chase female
02:05.4,pot entry
02:09.8,pot exit
02:13.9,lead swim
02:29.0,attack female
02:45.5,attack female
02:47.0,attack female
03:01.4,attack female
03:28.7,attack female
03:30.4,chase female
03:38.2,attack female
03:55.3,attack female
03:57.9,pot entry
04:02.8,pot exit
04:11.5,attack female
04:29.0,chase female
04:43.5,attack female
04:49.2,pot entry
04:56.9,pot exit
05:00.7,attack female
05:02.2,chase female
05:05.0,chase female
05:08.0,attack female
05:12.5,chase female
05:14.8,chase female
05:16.8,chase female
05:49.1,chase female
06:12.1,pot entry
06:16.7,pot exit
06:31.8,attack female
07:21.3,chase female
07:23.8,attack female
07:29.6,attack female
07:32.7,attack female
07:36.1,attack female
07:42.1,attack female
07:56.2,chase female
07:59.6,chase female
08:12.9,attack female
08:55.5,attack female
09:23.6,chase female
09:28.7,attack female
09:31.2,pot entry
09:38.0,pot exit
09:38.2,attack female
09:40.9,pot entry
09:47.8,pot exit
09:48.0,attack female
09:50.2,pot entry
09:56.0,pot exit
09:56.2,attack female
09:59.4,attack female