﻿Time,Behavior
00:07.6,pot entry
00:23.4,pot exit
03:40.0,pot entry
03:42.0,pot exit
04:17.4,attack female
04:58.2,attack female
04:59.1,attack female
05:09.4,chase female
05:36.2,chase female
05:44.5,chase female
05:47.2,attack female
05:48.3,attack female
06:19.6,chase female
06:26.4,attack female
06:34.4,chase female
06:38.8,chase female
06:59.4,chase female
07:08.7,attack female
07:43.6,pot entry
07:46.5,pot exit
07:56.5,attack female
08:12.4,chase female
08:23.0,attack female
08:32.0,attack female
08:38.0,attack female
08:40.4,quiver at female
08:49.6,attack female
08:55.8,attack female
08:59.4,attack female
09:07.8,chase female
09:09.4,attack female
09:13.3,chase female
09:45.1,chase female
09:47.9,pot entry
09:52.7,pot exit
09:55.2,pot entry
09:57.2,pot exit
09:59.9,quiver at female
00:22.1,dig
00:25.2,dig
00:43.3,pot entry
00:47.2,pot exit
01:00.6,attack female
01:08.2,attack female
01:09.5,lateral display
01:14.1,dig
01:18.7,chase female
01:36.8,attack female
01:51.6,dig
01:59.3,dig
02:02.0,chase female
03:27.0,attack female
03:28.9,pot entry
03:31.6,pot exit
03:52.0,attack female
05:47.0,pot entry
05:56.4,pot exit
05:57.0,attack female
06:14.0,attack female
06:28.2,dig
06:32.9,chase female
06:52.9,attack female
07:14.6,attack female
08:44.7,chase female
08:56.4,pot entry
09:05.0,pot exit
09:40.1,attack female
09:49.0,dig
00:18.0,dig
00:21.5,chase female
00:27.3,chase female
00:49.0,chase female
00:53.0,dig
01:42.2,dig
01:46.7,dig
01:47.8,dig
01:57.0,dig
02:07.6,dig
02:13.0,dig
02:16.8,attack female
02:21.2,chase female
02:27.2,pot entry
02:29.7,pot exit
02:32.1,chase female
02:37.7,chase female
02:42.2,attack female
02:48.8,pot entry
02:53.0,pot exit
02:55.8,chase female
03:01.2,pot entry
03:06.6,pot exit
03:20.2,attack female
03:24.4,attack female
03:37.2,attack female
03:46.0,pot entry
03:57.5,pot exit
03:57.6,attack female
04:06.6,dig
04:09.9,dig
04:11.2,attack female
04:20.8,dig
04:39.0,dig
05:31.3,dig
05:32.4,pot entry
05:38.3,pot exit
05:42.9,dig
05:48.0,dig
05:50.9,attack female
05:55.4,dig
05:57.4,attack female
06:00.2,pot entry
06:10.9,pot exit
06:12.0,dig
06:16.5,attack female
06:17.4,attack female
06:29.2,attack female
06:32.7,dig
06:33.9,attack female
06:35.2,attack female
06:37.5,attack female
06:38.7,attack female
06:46.6,attack female
06:56.9,attack female
07:00.4,attack female
07:02.2,dig
07:04.8,dig
07:07.5,dig
07:11.6,dig
07:39.0,chase female
07:41.1,attack female
07:51.0,dig
07:55.0,attack female
08:06.6,dig
08:26.5,dig
08:30.6,dig
09:04.8,dig
09:08.8,pot entry
09:21.3,pot exit
09:24.0,dig
09:29.3,pot entry
09:36.5,pot exit
09:38.8,attack female
09:55.2,dig
09:57.2,dig
10:01.3,chase female